P10724	0
Q8NHX9	1
Q2TU84	2
P24394	3
O15393	4
P02656	5
Q9Z4P0	6
P01861	7
O15403	8
P21980	9
P9WPF1	10
P0AD63	11
Q8EBR3	12
Q13164	13
P15428	14
P02943	15
Q8WU08	16
Q56694	17
P11166	18
Q8TET4	19
A0A023W3H0	20
Q9UBV8	21
P42681	22
O96028	23
A0A0E1R3H3	24
Q8MU52	25
Q96PR1	26
Q9NYL2	27
Q96GD3	28
Q13639	29
P11717	30
O60674	31
Q07343	32
P0A6D3	33
P21549	34
P00914	35
Q5L1E2	36
P61604	37
P01768	38
P00533	39
Q9NYY3	40
P43912	41
O60939	42
P48067	43
P27696	44
A0A0H2UXE9	45
P0AG82	46
Q16769	47
P01583	48
Q13555	49
Q14624	50
P98164	51
P05893	52
P31013	53
P31943	54
Q3MS49	55
P00736	56
Q16790	57
Q9Y5R2	58
Q8WUI4	59
Q16445	60
Q9Y5Y9	61
P31101	62
P9WMC1	63
P77967	64
Q5T601	65
P80748	66
P28838	67
P55011	68
P08373	69
P11998	70
P24298	71
P40871	72
P0AGC3	73
P14677	74
Q97E82	75
Q9Y4K4	76
O14757	77
Q15274	78
Q86WA6	79
Q9RVD6	80
Q6NUS8	81
Q9TY94	82
P17676	83
P02538	84
P13073	85
P11474	86
Q9UQF2	87
P35346	88
O95881	89
Q81Y15	90
P60757	91
Q04206	92
P30518	93
P59846	94
Q5SHQ5	95
P28305	96
Q9NRM7	97
Q99755	98
P14324	99
Q14432	100
P28062	101
P01024	102
P48181	103
P50416	104
P46063	105
Q00532	106
P36946	107
P27707	108
P20645	109
P60568	110
P01133	111
P25924	112
P57078	113
Q746I8	114
Q9H2G2	115
P24666	116
Q9KWU1	117
P27017	118
P0CG29	119
Q8I0X2	120
P08559	121
Q8WWX8	122
Q8RJN5	123
Q8DNV6	124
Q14145	125
P09669	126
P39377	127
P19634	128
P09211	129
P27338	130
Q13523	131
Q13873	132
P15289	133
P04035	134
P0A8T7	135
Q02761	136
P18510	137
P53582	138
Q13131	139
P29208	140
P35916	141
Q96RI1	142
P06149	143
P9WJI5	144
P35241	145
P77836	146
P33260	147
P71119	148
C6KT50	149
Q16498	150
P08253	151
P61088	152
Q9Y6Q6	153
P43235	154
P00338	155
P01375	156
Q8VTT5	157
P15917	158
Q07001	159
P13051	160
Q9C0B1	161
P17443	162
Q15155	163
P13551	164
P11137	165
O43681	166
P05556	167
P16860	168
Q9UQM7	169
P23234	170
P54820	171
O95750	172
P22749	173
P07358	174
Q8RQP5	175
P09769	176
P59998	177
P09373	178
P77390	179
Q01959	180
P30536	181
P05019	182
P27986	183
Q9KIE5	184
P0A8Q0	185
Q8N907	186
Q96QE3	187
P87066	188
L0DSL2	189
P35499	190
P9WHT9	191
P10114	192
Q01082	193
P14868	194
P23367	195
Q9UK23	196
Q9NR33	197
Q9BZV2	198
P44469	199
Q9H2S1	200
P22570	201
O15923	202
O75762	203
Q96AE4	204
Q9NNW7	205
P23219	206
P06756	207
P55210	208
P13196	209
P17658	210
Q8WXR4	211
P13688	212
P15770	213
P37957	214
P23222	215
P08337	216
Q5SJ80	217
O60502	218
P09210	219
P47900	220
P11532	221
P08519	222
Q96DP5	223
P43777	224
P0A9J6	225
P00709	226
P54716	227
P16113	228
P55072	229
P23276	230
P0A9D2	231
Q96PD5	232
Q59334	233
P21291	234
Q9BXI2	235
O75964	236
Q05193	237
P05166	238
O15554	239
P41250	240
P69903	241
P03886	242
Q819U0	243
Q99418	244
P04406	245
P20851	246
Q14872	247
Q9P2K8	248
P37698	249
P30838	250
Q9H3Y6	251
P9WJ63	252
Q9UL51	253
P80099	254
P00807	255
P44490	256
Q6PEY2	257
Q9UQQ2	258
P0ACC7	259
P52026	260
Q9F0I5	261
P07585	262
P16099	263
P45985	264
Q9GZZ6	265
O60882	266
Q51366	267
P07332	268
Q99250	269
P76577	270
O43617	271
O95470	272
Q9BVA1	273
P21802	274
Q99640	275
Q9P289	276
P78362	277
P26397	278
O75716	279
P06968	280
P46459	281
P98170	282
P40306	283
P48651	284
P12814	285
O15375	286
P16581	287
Q54528	288
Q9UBT6	289
P13001	290
P00781	291
Q9NPA2	292
P14207	293
Q46730	294
P22303	295
O95477	296
Q01469	297
P47895	298
O14964	299
Q9BY49	300
Q96RQ9	301
Q14957	302
Q12874	303
P08773	304
P49915	305
Q9P0J0	306
Q9NQS7	307
O15511	308
O60741	309
P25105	310
Q13224	311
P78368	312
Q9H3N8"	313
P21452	314
Q9UQD0	315
P03023	316
Q96FL8	317
Q9UBE0	318
Q8NET8	319
P0A1P6	320
Q99653	321
P47929	322
O43741	323
P0AB80	324
P9WN95	325
Q8T8E9	326
P80372	327
P54756	328
Q06830	329
A0A0H3JWX6	330
O00506	331
P51852	332
Q15428	333
Q8IWU9	334
P42126	335
O95363	336
Q15067	337
P00167	338
Q13627	339
P0C0L5	340
P29717	341
Q8N2K0	342
P51955	343
P11586	344
P22340	345
P9WFF7	346
Q8NCG7	347
P0A7W7	348
Q96HD9	349
P11168	350
P16066	351
Q92569	352
P09598	353
P0A2Y7	354
P43889	355
P04070	356
P08690	357
Q8DP79	358
Q401N2	359
P05186	360
Q8NW68	361
Q01718	362
P41407	363
O75306	364
Q7K9G0	365
Q92772	366
P48443	367
P98160	368
P07801	369
Q15075	370
Q46444	371
Q13887	372
P47869	373
P0A094	374
Q13363	375
P14218	376
O14920	377
P54646	378
P0A3M5	379
P61925	380
P16455	381
Q08493	382
P51693	383
P0AE18	384
Q9Y2R2	385
Q9QNF7	386
P9WNG3	387
P04141	388
P05181	389
O94956	390
P13000	391
P94622	392
Q08881	393
B2RXH2	394
P05160	395
Q56UN5	396
P28074	397
P09455	398
P00137	399
Q9UGI6	400
Q8N5Z0	401
P42338	402
P42357	403
P07204	404
P0A7S9	405
P18031	406
P19823	407
P02924	408
P24630	409
P19174	410
P07478	411
Q96L12	412
P24941	413
Q03736	414
Q9LCX9	415
Q03164	416
O14818	417
Q9HC29	418
P07202	419
P05089	420
F1T0I5	421
Q96MA6	422
O00469	423
Q96I59	424
P06864	425
Q9UHI7	426
Q81R22	427
P43353	428
Q9NY47	429
P30793	430
P06715	431
Q9HTQ2	432
Q9UJX1	433
P62594	434
P02675	435
P36542	436
Q86SZ2	437
P0AEG4	438
Q8IKF0	439
Q13304	440
P48029	441
P13716	442
P25053	443
P9WPS1	444
Q9Y5N1	445
Q01344	446
O13332	447
P22460	448
P27487	449
Q9Y6R4	450
P9WNW7	451
Q9X519	452
P95673	453
P00747	454
Q04771	455
P05305	456
Q5SLP8	457
P06241	458
P60174	459
Q9HBH9	460
P10875	461
P16219	462
P45059	463
Q15637	464
P43985	465
Q9HU22	466
Q9H2K8	467
Q9Y5X4	468
Q8IWT1	469
Q9BY66	470
P0ABA0	471
P05164	472
Q9Y666	473
P24425	474
P20035	475
P36956	476
Q8X444	477
P96558	478
P24092	479
P07771	480
Q8VVD2	481
P03472	482
Q99828	483
P51449	484
P53667	485
Q9Y6M4	486
P49069	487
P08183	488
P14867	489
P01848	490
Q8TCG2	491
O43776	492
P02930	493
P14923	494
P29323	495
P16152	496
P38940	497
P32722	498
P17813	499
Q99624	500
Q16549	501
P61320	502
Q9HAN9	503
Q9BVJ7	504
O14832	505
P30153	506
P15328	507
P0AD64	508
P0AAI5	509
P20138	510
P08779	511
Q13564	512
P49763	513
P62623	514
Q9UQB9	515
Q9ZAG3	516
P01906	517
P12758	518
P51956	519
P17050	520
P14550	521
P07305	522
P36204	523
P0A9M2	524
P10599	525
P16234	526
Q9UDR5	527
P18507	528
P0A7V3	529
P12883	530
P0AGG2	531
P43405	532
Q9X1B3	533
P98052	534
Q48436	535
Q5HEB7	536
O00764	537
P21333	538
P15941	539
P33681	540
Q9NY56	541
Q5TDP6	542
P17568	543
Q9Y617	544
Q9WZ40	545
P08123	546
P00805	547
P0A7G9	548
Q5SHN3	549
P0A3R9	550
P48058	551
P11546	552
P09382	553
Q9Y2D0	554
P51617	555
P14616	556
P07550	557
P20810	558
P13639	559
Q5RT80	560
_PLPRO	561
Q9Y2H1	562
Q96RE1	563
P80040	564
C3T8E2	565
Q92831	566
P02751	567
P69856	568
P30613	569
P11362	570
Q9F0J6	571
P72181	572
Q86TP1	573
Q02224	574
Q02641	575
P17540	576
O68601	577
P40616	578
P49591	579
P08887	580
O15440	581
Q14494	582
P01589	583
P23467	584
Q04760	585
Q00441	586
P50607	587
P04164	588
Q8ZIV7	589
Q9BUB5	590
Q14978	591
P15924	592
P69681	593
O43570	594
C9EH48	595
Q53547	596
Q9X9L0	597
O75030	598
P13861	599
P63104	600
P60906	601
P45880	602
P35243	603
P31639	604
Q03013	605
P17931	606
P25910	607
O00264	608
P25713	609
Q16740	610
P00512	611
O96017	612
Q9Y694	613
P30939	614
P42262	615
P0AES2	616
Q9UEE5	617
O14672	618
P22256	619
Q06481	620
P25116	621
P36959	622
P36334	623
P49419	624
P35237	625
O67040	626
P0AEX9	627
P28482	628
P30049	629
P34947	630
P32239	631
Q01770	632
Q06124	633
Q8N0U8	634
P08700	635
P94548	636
O34974	637
Q03426	638
O14521	639
Q00169	640
P33316	641
Q9Y233	642
P51813	643
P54997	644
Q51792	645
P13632	646
P41021	647
Q92959	648
P76270	649
Q5PXQ6	650
P19793	651
O14717	652
P19105	653
Q5VZ30	654
P29827	655
P04792	656
Q9F5I8	657
P60484	658
Q9F663	659
Q9WZI0	660
P0AET8	661
P09488	662
P40238	663
Q9HU21	664
Q04917	665
Q9GZQ4	666
P48163	667
Q79MP6	668
Q7L7X3	669
P48729	670
Q9ZNA2	671
P04439	672
P50440	673
P08506	674
Q92482	675
Q5SHR6	676
P05091	677
O95907	678
P9WJJ7	679
P84077	680
P08244	681
Q13002	682
Q13332	683
P31151	684
P0AFM2	685
Q86XF0	686
Q9H228	687
P48728	688
P36896	689
A9JQL9	690
Q9H2P9	691
P02818	692
Q8TCT9	693
O95865	694
Q7Z2H8	695
P46883	696
P27302	697
P0AES6	698
Q79FX6	699
P09493	700
P46859	701
P0A079	702
P05193	703
O87696	704
O70038	705
P40261	706
Q9P1Z3	707
P26639	708
Q8IUZ5	709
P13866	710
P0A988	711
Q5KUI2	712
O14791	713
P0C1S8	714
P9WP01	715
P49336	716
P06010	717
P10619	718
P62580	719
P9WQB3	720
P04183	721
P12004	722
P02655	723
P18825	724
Q9NYQ3	725
Q16659	726
P04839	727
P12277	728
P36275	729
P06737	730
P0AEZ1	731
P01552	732
P41972	733
O43526	734
P39304	735
P61432	736
P0A8D6	737
P08217	738
P07949	739
Q72874	740
P29803	741
P68826	742
P07602	743
P00846	744
Q9RHZ6	745
O30527	746
Q9UN76	747
P34998	748
Q8I3Z5	749
L0LZJ6	750
P9WNL7	751
P14090	752
Q8P8J2	753
P48549	754
P01834	755
P10600	756
P30530	757
Q9FD87	758
P29460	759
P21912	760
Q14289	761
Q9HB21	762
Q9NYR8	763
P31941	764
P32929	765
P14779	766
Q6NVY1	767
P35625	768
P02786	769
P41240	770
P17980	771
P20132	772
Q9CBQ2	773
P42574	774
Q7RTT9	775
Q9HD40	776
P0A3S0	777
P11177	778
P63098	779
P13830	780
P61182	781
P16519	782
Q8GGK7	783
P02647	784
O15230	785
P41052	786
P0A9M5	787
Q96S86	788
P07766	789
P25052	790
P19624	791
P15260	792
P69441	793
P52564	794
Q16665	795
P17802	796
Q9HBY8	797
O14561	798
P36969	799
P04264	800
P36873	801
Q9NR19	802
Q83P33	803
Q4U2R8	804
P0CK31	805
P04547	806
P0A915	807
P9WGT1	808
P04229	809
P19784	810
P22619	811
O00591	812
P49327	813
P49286	814
P33151	815
P49588	816
P08729	817
P21408	818
P0A8V9	819
Q13093	820
P30556	821
P15531	822
P32396	823
P25391	824
P43487	825
P41594	826
P17169	827
P29957	828
P32055	829
Q72K87	830
O00238	831
Q9UKI8	832
Q8IVW4	833
Q96SW2	834
P22897	835
P38398	836
Q4W8W1	837
A0A068JFB7	838
Q9REC4	839
Q9UIF8	840
P48745	841
Q9UKV0	842
P55055	843
Q84EX5	844
P51582	845
P04818	846
_MPRO	847
P42336	848
Q7AUG5	849
O43739	850
P20393	851
P06702	852
O15118	853
P17516	854
Q92934	855
Q9ULY5	856
P0AER0	857
Q86YV6	858
P61889	859
P51161	860
Q9NYV7	861
Q64823	862
P14679	863
P11488	864
Q15648	865
O14949	866
P04825	867
P68871	868
Q08460	869
Q9UNK4	870
P80874	871
P28790	872
Q01782	873
P61073	874
Q16288	875
P02795	876
P31491	877
O75533	878
Q13126	879
O33407	880
Q8WX39	881
Q9UNA0	882
Q9NRE1	883
P0A0N5	884
P29965	885
P15291	886
P22888	887
P01920	888
P47989	889
P09788	890
P0AEB2	891
Q96NX5	892
P05129	893
Q8N1G2	894
P24752	895
O00217	896
Q8WWQ8	897
Q9F6D4	898
P59637	899
P61322	900
P0C0Y9	901
P0AAJ3	902
P32238	903
Q8N159	904
P63000	905
P43007	906
P15692	907
P55263	908
P07327	909
O66496	910
P48060	911
Q9H0K1	912
_COV	913
P50052	914
P07686	915
P0C0Y7	916
Q13285	917
Q13231	918
Q9Y266	919
P56194	920
P45844	921
Q8TAB3	922
P07948	923
Q5JAM2	924
Q8WWT9	925
Q92769	926
Q96I99	927
P28476	928
P0A6L6	929
P32298	930
P03474	931
P0A917	932
Q6UX15	933
P29274	934
Q56408	935
P32004	936
P12081	937
Q9BVG9	938
P20813	939
P22314	940
P09693	941
P10745	942
O07015	943
P07947	944
P06608	945
Q13470	946
Q9WY54	947
Q9N587	948
Q15788	949
O14939	950
Q969S2	951
P01730	952
Q9UKG9	953
P07110	954
P28066	955
P49902	956
Q8TDR2	957
Q6GI75	958
P26393	959
P9WQG9	960
P13693	961
Q08288	962
P48547	963
P55882	964
Q9Y4R7	965
P02585	966
P00509	967
P98155	968
Q9H4G4	969
Q9BZV3	970
P08514	971
Q06187	972
Q02338	973
Q92887	974
P00439	975
Q9Y6L6	976
P00091	977
P0ABK9	978
Q6QNK2	979
P0A7S3	980
Q59721	981
Q8KT33	982
Q9UMX2	983
P63462	984
P26841	985
P26221	986
P08697	987
Q16602	988
Q08170	989
P50391	990
P06730	991
Q9BQB6	992
Q8TDU6	993
Q96C24	994
P62913	995
P12564	996
P0A8P1	997
P54219	998
P22894	999
Q46856	1000
P16502	1001
Q7WT42	1002
Q16654	1003
Q99870	1004
P52647	1005
P84124	1006
Q5SJH3	1007
P42443	1008
Q96RP8	1009
P20674	1010
P82251	1011
Q02809	1012
A1Z199	1013
P15559	1014
Q9UQ49	1015
P49908	1016
O43246	1017
O07732	1018
P55407	1019
P24158	1020
Q96P88	1021
P80377	1022
Q55013	1023
Q8IW54	1024
P49913	1025
P9WPN5	1026
Q07973	1027
P40394	1028
P02794	1029
P11350	1030
P36897	1031
Q5T1J1	1032
P31942	1033
P29371	1034
P30532	1035
O95168	1036
Q10588	1037
P32056	1038
P00362	1039
O14732	1040
P21340	1041
P17315	1042
P58758	1043
Q88CZ6	1044
O15382	1045
Q16795	1046
Q03393	1047
Q9Y2U5	1048
P68133	1049
P00352	1050
O00341	1051
Q8GR70	1052
Q9NRH2	1053
Q9H169	1054
P59796	1055
Q9Y6L7	1056
P06401	1057
P63279	1058
P43116	1059
Q96AZ6	1060
Q14697	1061
Q16099	1062
P16591	1063
Q16772	1064
Q9KX40	1065
Q8TD08	1066
O34598	1067
Q5SKC5	1068
P42593	1069
P49356	1070
P00524	1071
Q9BYZ2	1072
P42684	1073
P9WGR1	1074
Q9NR97	1075
P62937	1076
Q56748	1077
P0A3D9	1078
P56601	1079
P11498	1080
Q0ZME7	1081
P0A808	1082
Q9UDW1	1083
Q9Y2K2	1084
Q59771	1085
P00505	1086
Q14524	1087
P34896	1088
P29372	1089
P35080	1090
P22983	1091
P03371	1092
P26276	1093
P68771	1094
Q9BUF5	1095
O95819	1096
Q9KEI9	1097
Q9Y2Q0	1098
Q8IVH4	1099
P56122	1100
P50870	1101
P03891	1102
P51149	1103
P30968	1104
P00803	1105
P28907	1106
Q99549	1107
P14751	1108
P22234	1109
O85465	1110
P16144	1111
O94921	1112
A0A0H2WWQ9	1113
Q8Z2X8	1114
P04324	1115
Q9Y243	1116
Q969S8	1117
P22830	1118
Q15942	1119
P19079	1120
Q9NPC1	1121
P22364	1122
Q53I07	1123
Q96DB2	1124
P20648	1125
Q2QJL3	1126
P14854	1127
P07919	1128
Q9Y257	1129
P29622	1130
P9WIP7	1131
P43813	1132
P01876	1133
P36894	1134
Q99527	1135
P24311	1136
Q9AGP8	1137
Q52546	1138
P02766	1139
Q9H306	1140
P45563	1141
Q86Z02	1142
Q9NPF7	1143
O43399	1144
Q5SJ28	1145
Q00266	1146
Q9NS40	1147
P58335	1148
P04217	1149
O75385	1150
Q5S007	1151
Q15046	1152
Q14032	1153
Q12866	1154
P42971	1155
D6R448	1156
Q3JWH7	1157
O00299	1158
P29395	1159
P00568	1160
Q83QN9	1161
O85361	1162
P07510	1163
Q15078	1164
Q8IJN7	1165
P48764	1166
Q9H936	1167
Q9Y6B6	1168
P05042	1169
P06396	1170
P0DP23	1171
Q06432	1172
Q672W7	1173
Q14500	1174
P9WJY5	1175
Q96SL4	1176
P24557	1177
P30197	1178
P09546	1179
O43169	1180
P28472	1181
P45984	1182
P07986	1183
P56690	1184
P11712	1185
P33517	1186
P0AEK7	1187
P00782	1188
P08648	1189
P18405	1190
Q9UJM8	1191
P48145	1192
Q8WTV0	1193
P37551	1194
Q9X286	1195
P08263	1196
P0AC47	1197
P25815	1198
Q13705	1199
O00244	1200
Q2TB90	1201
P0AEK4	1202
P11233	1203
P0A6W9	1204
P19909	1205
P56740	1206
P48039	1207
P26391	1208
P28845	1209
P43457	1210
Q9HCP0	1211
P21430	1212
O00141	1213
O00305	1214
Q6V0L0	1215
Q5SHZ4	1216
P35754	1217
Q8WU03	1218
P0A7U3	1219
Q8NEV4	1220
O00180	1221
Q86U10	1222
P33121	1223
P10902	1224
P30520	1225
P0ABF6	1226
P25084	1227
Q15858	1228
Q9AQS0	1229
P56937	1230
P14649	1231
P02919	1232
P63096	1233
Q14181	1234
Q9XBQ3	1235
Q9UGN5	1236
P17844	1237
P34913	1238
Q96GD4	1239
Q8UCK6	1240
P9WKD7	1241
P48169	1242
A6PZ59	1243
P23946	1244
P09874	1245
P51511	1246
P0AEB3	1247
P0C0L4	1248
P60472	1249
Q08751	1250
P56181	1251
Q14894	1252
P36404	1253
P61981	1254
O14842	1255
O67648	1256
Q12851	1257
P36871	1258
P11444	1259
Q60099	1260
P9WKE1	1261
Q44048	1262
P62750	1263
P53778	1264
O32449	1265
Q16568	1266
Q65CX5	1267
Q5SJ79	1268
Q92696	1269
Q8IKL4	1270
P01871	1271
P04584	1272
P23416	1273
P19971	1274
P08243	1275
Q13233	1276
O60909	1277
P61978	1278
Q88K39	1279
P30044	1280
Q01196	1281
O15146	1282
P0A6V7	1283
Q99584	1284
P15880	1285
P14532	1286
P11511	1287
Q96LD8	1288
P04155	1289
O14793	1290
P09884	1291
P0CI79	1292
P23280	1293
P28676	1294
P21964	1295
P02533	1296
O05935	1297
P11597	1298
Q9H2M3	1299
P17213	1300
Q13907	1301
P43004	1302
Q6TGC4	1303
P10809	1304
P39905	1305
P48357	1306
Q14565	1307
P39594	1308
Q7CL96	1309
Q01538	1310
Q72LA5	1311
Q9UPY5	1312
P31645	1313
P78352	1314
A3FMN7	1315
P48147	1316
Q9P2E9	1317
P54368	1318
Q16647	1319
Q12879	1320
Q79FX8	1321
P26281	1322
P17600	1323
P01106	1324
Q13370	1325
P22906	1326
P08235	1327
P67870	1328
P08200	1329
P62661	1330
P13501	1331
P9WIL5	1332
O60701	1333
P00740	1334
P13647	1335
P46663	1336
Q8NE63	1337
Q9UBS5	1338
P02792	1339
P01374	1340
O25608	1341
P77150	1342
P51957	1343
O95264	1344
Q03154	1345
Q00987	1346
P32322	1347
P0A6M2	1348
P9WIQ1	1349
P95468	1350
P25021	1351
Q92945	1352
P9WQ77	1353
Q9Z4N6	1354
Q9X108	1355
P52961	1356
P51970	1357
P10478	1358
P74645	1359
O25926	1360
P42261	1361
Q96NR8	1362
P83798	1363
P00813	1364
Q07820	1365
Q15835	1366
P43133	1367
A0A0H3K1U2	1368
P31260	1369
Q59675	1370
O43272	1371
P17900	1372
Q92736	1373
Q01468	1374
Q9Y296	1375
P23415	1376
Q53119	1377
Q9UHW9	1378
Q9Y6E0	1379
O00519	1380
Q9NWM0	1381
O95169	1382
P06753	1383
P31040	1384
P53609	1385
P05113	1386
P31012	1387
P9WHU1	1388
Q53IN1	1389
Q8N8R3	1390
P0A745	1391
Q16518	1392
P77425	1393
P17936	1394
Q16774	1395
Q13085	1396
P35222	1397
Q05940	1398
Q6P3R8	1399
P32297	1400
Q8RQE8	1401
P09917	1402
Q5JUK3	1403
P22459	1404
P83797	1405
Q9P2J5	1406
P0A006	1407
Q9JZW6	1408
P16304	1409
P44868	1410
Q16678	1411
P05102	1412
O60218	1413
Q14416	1414
Q92506	1415
O66529	1416
P00644	1417
P21554	1418
P54965	1419
P07357	1420
Q9HUR5	1421
P9WI73	1422
P30101	1423
Q9NRP7	1424
P07942	1425
Q9KU37	1426
Q9Y230	1427
O43175	1428
P0A9B2	1429
P42766	1430
P35367	1431
P24530	1432
P27142	1433
P0A805	1434
P51649	1435
P42768	1436
O00444	1437
O14880	1438
P33905	1439
P35414	1440
P0A433	1441
Q9NSA0	1442
P9WNL9	1443
Q13838	1444
P25024	1445
P35626	1446
P04278	1447
Q8IWQ3	1448
P11230	1449
P72161	1450
P11124	1451
Q969G3	1452
O14976	1453
Q8GIQ0	1454
P0AEJ4	1455
Q15842	1456
P22102	1457
P09622	1458
P10636	1459
O15270	1460
Q9X6V3	1461
P11836	1462
P22188	1463
Q9GZP0	1464
P00751	1465
P37088	1466
O60911	1467
Q9L888	1468
Q96SB4	1469
Q14457	1470
Q46822	1471
Q15759	1472
P61024	1473
P14941	1474
O75496	1475
P82543	1476
P96618	1477
P67775	1478
Q15120	1479
P62593	1480
P78330	1481
Q93088	1482
O52646	1483
Q13393	1484
Q9XB59	1485
P04252	1486
P05023	1487
P0A2K1	1488
P26440	1489
O95255	1490
Q9RC23	1491
P50613	1492
P06009	1493
P07195	1494
P06202	1495
P19926	1496
Q05932	1497
Q15208	1498
O14556	1499
P04003	1500
P00750	1501
Q9UN19	1502
O31156	1503
P23434	1504
O15392	1505
Q9UI09	1506
P21890	1507
P19438	1508
P97253	1509
Q9Y691	1510
Q92953	1511
P30304	1512
P45568	1513
Q51705	1514
Q8Q3H0	1515
Q7RTV2	1516
Q9Y6K9	1517
P23786	1518
Q8NFD2	1519
P55809	1520
P18314	1521
O34450	1522
Q3JUV5	1523
P35568	1524
P21709	1525
Q58L87	1526
Q47644	1527
P22939	1528
P0C0H6	1529
P0A017	1530
P43652	1531
P08069	1532
P21918	1533
P29597	1534
P31213	1535
P11308	1536
P0A1V8	1537
Q15139	1538
Q9X112	1539
P12676	1540
Q9ULU8	1541
O60779	1542
P50453	1543
Q86YZ3	1544
Q48255	1545
P31677	1546
Q16775	1547
Q00537	1548
O94782	1549
P48448	1550
P69908	1551
P18509	1552
Q13237	1553
O95180	1554
P27348	1555
Q9UHI5	1556
Q15596	1557
P02753	1558
P0C2P0	1559
P35219	1560
P41235	1561
P40933	1562
P45510	1563
P51858	1564
P46828	1565
Q96EB6	1566
P20815	1567
P07773	1568
P51787	1569
Q9Y6I3	1570
Q8TE23	1571
P78356	1572
Q5T6L4	1573
Q8TCC7	1574
P31937	1575
O95479	1576
Q9UN88	1577
P32019	1578
P20964	1579
P16220	1580
Q16539	1581
P16410	1582
Q15465	1583
Q9WYV8	1584
P0AGJ9	1585
Q9RA63	1586
P54278	1587
Q55793	1588
Q14832	1589
P19113	1590
Q08345	1591
O75340	1592
P45124	1593
Q9RBW8	1594
Q15878	1595
P08173	1596
P09152	1597
P39019	1598
O15239	1599
P26447	1600
Q9NS18	1601
Q07864	1602
Q12882	1603
Q7Z4T2	1604
P39086	1605
P23975	1606
Q6GII7	1607
P02452	1608
P00929	1609
Q8T6S0	1610
O95178	1611
P0A6V8	1612
P33032	1613
P0AB87	1614
Q6UWN8	1615
P44345	1616
P19080	1617
Q6UWP2	1618
P06983	1619
P0ABE7	1620
P0AEG6	1621
P0DJ06	1622
P06435	1623
Q8IW41	1624
P06818	1625
Q9Y2Q3	1626
P50225	1627
P28161	1628
P08174	1629
P23921	1630
P34897	1631
P08581	1632
Q9Y5K3	1633
P27797	1634
P10153	1635
P61949	1636
Q14749	1637
P35372	1638
P01270	1639
P0AF14	1640
P14621	1641
Q6P996	1642
P0A6Q5	1643
P56524	1644
P35228	1645
Q14164	1646
P05156	1647
P94182	1648
Q01362	1649
P20701	1650
P63092	1651
P24300	1652
P17405	1653
P29422	1654
P54548	1655
P22869	1656
P19883	1657
P0A444	1658
Q9L5C8	1659
P72524	1660
Q7L3T8	1661
Q16671	1662
P0CG22	1663
P04062	1664
Q5JTZ9	1665
Q9UK17	1666
O14649	1667
O95139	1668
Q7RTX0	1669
P02545	1670
P68104	1671
Q57265	1672
P0C0J0	1673
P13036	1674
Q9I5I9	1675
Q13043	1676
P51172	1677
P31391	1678
Q02252	1679
Q9NUB1	1680
P01857	1681
P32246	1682
P07173	1683
Q9UBN7	1684
Q03405	1685
P04075	1686
F5GY58	1687
Q9BW92	1688
P11021	1689
Q9UDX4	1690
P20248	1691
P20932	1692
Q8IL80	1693
P21127	1694
P34096	1695
Q07699	1696
Q8WXA8	1697
Q9H4M7	1698
P31350	1699
P00775	1700
O15075	1701
O67135	1702
P59676	1703
Q47066	1704
O60858	1705
P27169	1706
P01138	1707
P11274	1708
P12235	1709
P0A7X3	1710
Q9BWD1	1711
P02743	1712
P07477	1713
P05364	1714
Q9NXG6	1715
Q53908	1716
P81989	1717
P06709	1718
P12314	1719
P80373	1720
Q99571	1721
Q15382	1722
Q9H6X2	1723
P49916	1724
P13637	1725
P03989	1726
P51512	1727
P0A953	1728
P07237	1729
P18548	1730
P10912	1731
P30988	1732
Q54276	1733
P17412	1734
Q97R46	1735
Q9UQ88	1736
P05041	1737
P26392	1738
Q01118	1739
P15043	1740
P32173	1741
Q9UHC3	1742
P13929	1743
Q54527	1744
P84888	1745
O15144	1746
P36405	1747
Q8IUR0	1748
P0AGE0	1749
Q60049	1750
P55786	1751
Q9UHC9	1752
P0A733	1753
P42512	1754
P51679	1755
Q9BZW2	1756
O95069	1757
P61586	1758
O96221	1759
P36419	1760
P13843	1761
P68363	1762
Q96T66	1763
Q60393	1764
P29973	1765
P0AFI7	1766
P01350	1767
P11926	1768
P09619	1769
Q53586	1770
Q6ZMR3	1771
P04234	1772
O34667	1773
Q56691	1774
Q9LCC8	1775
P48730	1776
P19404	1777
P77454	1778
Q14914	1779
P51681	1780
Q9H4B7	1781
P23827	1782
P09958	1783
P48637	1784
P06213	1785
P30519	1786
P15538	1787
P22413	1788
P00800	1789
Q59931	1790
P07437	1791
P20807	1792
Q13219	1793
P35869	1794
Q9RC92	1795
P25789	1796
P33644	1797
P03706	1798
P56537	1799
P80370	1800
P16050	1801
Q14654	1802
P0AD68	1803
A0A024R8I1	1804
P03007	1805
P0ABP8	1806
O94766	1807
P28861	1808
P04424	1809
Q5JVS0	1810
P35408	1811
Q86T13	1812
Q3IWB0	1813
P96113	1814
P15090	1815
P46734	1816
P02671	1817
Q9WYH8	1818
O60568	1819
P39126	1820
Q6GGU4	1821
Q02221	1822
P0AFL3	1823
P62241	1824
P46976	1825
O15379	1826
P38038	1827
P37062	1828
Q06609	1829
Q8TF61	1830
P0AC13	1831
P0AFG8	1832
O60706	1833
Q14191	1834
P62745	1835
P04080	1836
Q96PD7	1837
P05067	1838
P06744	1839
P40763	1840
P16384	1841
O95237	1842
Q9BZZ2	1843
P32170	1844
Q00613	1845
Q9NYK1	1846
P07026	1847
Q08209	1848
Q5SHN7	1849
P16615	1850
O96013	1851
Q5SJ76	1852
O95749	1853
P04083	1854
P31995	1855
P30559	1856
P42680	1857
P09601	1858
P51698	1859
Q86VU5	1860
Q9Y2I1	1861
Q9Y5S2	1862
Q8NG66	1863
P0DMV8	1864
P0C0X1	1865
H3BUU9	1866
P71143	1867
P28222	1868
P06988	1869
P11047	1870
P09960	1871
Q4L5E3	1872
P0A6B1	1873
P55038	1874
P78536	1875
P0A6L0	1876
P0A7Z4	1877
Q99062	1878
Q99436	1879
P01189	1880
P32397	1881
P12532	1882
Q00536	1883
Q9NY65	1884
Q96A70	1885
Q01668	1886
P69923	1887
P00734	1888
Q9Y4U1	1889
O43708	1890
P38936	1891
P06820	1892
P18283	1893
P51659	1894
P9WIE5	1895
P13686	1896
Q8TDC3	1897
P0CG04	1898
Q96RI0	1899
P17291	1900
Q72547	1901
P28248	1902
Q53707	1903
P21926	1904
P35354	1905
P48664	1906
Q15800	1907
P07071	1908
Q99759	1909
P19480	1910
Q9Y663	1911
Q7SIB1	1912
O15145	1913
Q4ZHU6	1914
P70174	1915
P12872	1916
O95259	1917
P30926	1918
Q71U36	1919
Q92698	1920
P04053	1921
P30411	1922
O60885	1923
P37747	1924
P80075	1925
Q92918	1926
Q96D53	1927
P9WPB7	1928
Q8WWL2	1929
Q5SHF5	1930
Q9Y698	1931
Q8N1Q1	1932
Q16836	1933
P47870	1934
P11411	1935
P20261	1936
P03422	1937
Q96LZ3	1938
O95870	1939
P62658	1940
Q00G26	1941
Q99720	1942
P02763	1943
Q96EM0	1944
P06008	1945
P77872	1946
P06703	1947
P19440	1948
P51003	1949
Q9P0X4	1950
P35557	1951
Q9UEW3	1952
Q8N4C8	1953
P15474	1954
Q16798	1955
O15111	1956
P04964	1957
Q02218	1958
P66010	1959
P12070	1960
Q9GZT9	1961
P22455	1962
O60733	1963
Q9BUP3	1964
P16442	1965
P20292	1966
O43174	1967
P61177	1968
P0AA43	1969
P38606	1970
P0ACC1	1971
Q02834	1972
P12528	1973
Q01698	1974
Q92630	1975
Q99700	1976
Q8N5S9	1977
P9WPE1	1978
Q8NI60	1979
Q45697	1980
P19821	1981
P32119	1982
P0C2S5	1983
P0A7Z3	1984
Q6IBS8	1985
P13995	1986
P62508	1987
P53779	1988
P50921	1989
P0AB91	1990
P49747	1991
Q16881	1992
Q15349	1993
P06280	1994
P07359	1995
O34928	1996
P37093	1997
P10614	1998
Q9UBX1	1999
P42330	2000
Q08698	2001
Q93UV9	2002
P26137	2003
P35573	2004
O60760	2005
Q9UF33	2006
Q8XB74	2007
P0DP24	2008
P13674	2009
P00414	2010
P18177	2011
Q04912	2012
P33527	2013
P61626	2014
P30711	2015
Q8N119	2016
Q13748	2017
P14900	2018
P72525	2019
P0A6I0	2020
P19838	2021
P63165	2022
P39767	2023
P14902	2024
P0DMS8	2025
P62136	2026
O75676	2027
Q16719	2028
Q93PP9	2029
Q9I7A8	2030
P0AEE5	2031
O76074	2032
P02458	2033
O60658	2034
Q9HYN5	2035
Q53H96	2036
Q9KM65	2037
P25092	2038
P21728	2039
Q9KPI8	2040
P08311	2041
P15086	2042
P07858	2043
O75838	2044
Q8IBS5	2045
O60755	2046
P00183	2047
Q92847	2048
P22557	2049
Q7Z2Z2	2050
Q9RP17	2051
P11216	2052
P19835	2053
A0A0H3JRU9	2054
P55017	2055
P35520	2056
Q16816	2057
P13702	2058
Q9UHD2	2059
P32927	2060
P25774	2061
Q96LB9	2062
P56385	2063
Q9H2X9	2064
P30872	2065
P02931	2066
Q9Y2T6	2067
P71278	2068
Q9XB61	2069
P49424	2070
O75936	2071
P22088	2072
O15492	2073
O60656	2074
Q99707	2075
P61987	2076
Q13526	2077
P9WIQ3	2078
P02689	2079
P37700	2080
O43293	2081
P14174	2082
P01008	2083
P54750	2084
Q13946	2085
Q00740	2086
Q12965	2087
P31949	2088
Q5VT25	2089
Q02762	2090
P0A334	2091
Q59976	2092
P20839	2093
P41231	2094
P12931	2095
O14646	2096
Q86UW8	2097
P49862	2098
P23246	2099
Q8WXD0	2100
Q6DT37	2101
P48047	2102
P07148	2103
P09172	2104
Q15738	2105
Q16584	2106
P54317	2107
Q99928	2108
P02774	2109
P41143	2110
P55211	2111
P25103	2112
Q15375	2113
Q9NSD5	2114
P30989	2115
P04746	2116
P25787	2117
P37610	2118
Q54331	2119
P29768	2120
P53608	2121
Q07817	2122
P9WPQ5	2123
Q9A1X4	2124
P58558	2125
P00742	2126
P55073	2127
P47901	2128
P00438	2129
P47898	2130
P21266	2131
Q70KI2	2132
Q16787	2133
P29376	2134
Q8WVQ1	2135
O14874	2136
P35749	2137
Q9C098	2138
Q56320	2139
Q9Y3R4	2140
P13631	2141
P06971	2142
P09467	2143
P27695	2144
P21638	2145
Q02192	2146
P10276	2147
Q9HVZ0	2148
P16544	2149
Q02880	2150
P51451	2151
P39593	2152
Q14721	2153
Q47764	2154
P0A8V2	2155
Q9ZK53	2156
O15169	2157
P22309	2158
Q9NR28	2159
O75582	2160
P25025	2161
P47775	2162
Q75N90	2163
P00490	2164
P52687	2165
Q2M3G0	2166
Q93EK7	2167
O00222	2168
Q9BTZ2	2169
Q5XXA6	2170
Q9Y468	2171
P0A884	2172
P08758	2173
P45494	2174
P41743	2175
P22301	2176
P04150	2177
O75911	2178
Q16558	2179
P9WNX1	2180
Q99829	2181
P29320	2182
P06632	2183
P04632	2184
O15530	2185
P20472	2186
O75874	2187
P05106	2188
P0A3Y5	2189
Q9H853	2190
P77398	2191
Q16206	2192
Q01726	2193
Q13133	2194
Q92843	2195
Q8N543	2196
P48066	2197
P31152	2198
P35858	2199
P15735	2200
P13645	2201
P0A9S1	2202
P0AC38	2203
Q9Y6M9	2204
P69488	2205
P08574	2206
Q9A1B7	2207
Q9H3N8	2208
Q9BYT3	2209
P9WGY7	2210
P41789	2211
Q04230	2212
Q9ZHG9	2213
Q8GI16	2214
Q96L34	2215
Q08188	2216
P31323	2217
P06993	2218
P17596	2219
P05653	2220
P20339	2221
P39265	2222
P08684	2223
Q9Y286	2224
O96000	2225
P20273	2226
Q701N4	2227
P36955	2228
O00204	2229
Q94655	2230
P32890	2231
P9WPX7	2232
Q96RQ3	2233
O60895	2234
P52477	2235
P05451	2236
Q16613	2237
P67910	2238
P24232	2239
P23368	2240
Q01043	2241
P0A927	2242
O25928	2243
Q13421	2244
P0ACQ4	2245
Q92637	2246
P01011	2247
P0A9E0	2248
P50281	2249
P50618	2250
Q93LD7	2251
Q9ZGH3	2252
Q9P0U3	2253
Q8IKK7	2254
P11759	2255
P07024	2256
P13611	2257
P05109	2258
P30012	2259
Q9NRX3	2260
P31327	2261
Q92993	2262
P0A333	2263
P98194	2264
P12236	2265
P49366	2266
Q70GK9	2267
Q14520	2268
P08588	2269
Q9BV57	2270
P05452	2271
O15245	2272
P05884	2273
Q75Y35	2274
P0A8M5	2275
O25096	2276
O43781	2277
P69178	2278
P13254	2279
P75914	2280
Q05486	2281
P94692	2282
P33261	2283
P07014	2284
P16473	2285
P40259	2286
P05362	2287
P33402	2288
P0AFI2	2289
Q9LAG2	2290
P40926	2291
Q06110	2292
P13423	2293
Q8I6U8	2294
P53671	2295
P07384	2296
Q8NI22	2297
P44801	2298
P60981	2299
P31415	2300
Q02760	2301
P49189	2302
Q04844	2303
P20963	2304
P34995	2305
P35968	2306
P00437	2307
P11217	2308
P18089	2309
Q9UKM7	2310
P18357	2311
P03355	2312
O60931	2313
P96945	2314
P17612	2315
P00918	2316
Q16853	2317
Q15750	2318
Q9FBC5	2319
O14730	2320
P84098	2321
Q07954	2322
O67636	2323
Q460N3	2324
P0A759	2325
P80380	2326
O75521	2327
Q8NX78	2328
P53611	2329
O15439	2330
Q9KWT6	2331
P30531	2332
O14594	2333
P0A7R5	2334
Q59560	2335
P56696	2336
P17752	2337
P9WN25	2338
P0A6H7	2339
P43099	2340
Q96C86	2341
P84887	2342
P07101	2343
Q8TCT1	2344
P00450	2345
P00943	2346
O60285	2347
Q93D82	2348
P37063	2349
Q92806	2350
P06731	2351
Q8RJN8	2352
P51857	2353
P39805	2354
P57058	2355
Q6P093	2356
Q9Y6Y9	2357
P27505	2358
K9N5Q8	2359
P48544	2360
Q79G13	2361
P61587	2362
P08192	2363
P20276	2364
Q9NTG7	2365
Q88016	2366
O14786	2367
Q83LD8	2368
O15438	2369
P39646	2370
P00492	2371
P25553	2372
P29466	2373
P17735	2374
O00206	2375
P27037	2376
Q96Q40	2377
P08172	2378
P12104	2379
Q8IVL5	2380
P49247	2381
P0A6I8	2382
O95954	2383
P43522	2384
P23528	2385
Q1LCS4	2386
P34972	2387
O14980	2388
P05120	2389
P17707	2390
P31142	2391
P32418	2392
P05896	2393
P16100	2394
Q32P28	2395
P28331	2396
Q0P8G4	2397
P06132	2398
Q9RYA6	2399
P45452	2400
Q9UKU7	2401
Q9HZZ3	2402
P03369	2403
P18858	2404
P07944	2405
Q06174	2406
P50914	2407
P22001	2408
P0A955	2409
P38435	2410
P49619	2411
P15309	2412
P15104	2413
P03956	2414
O07653	2415
P15273	2416
P54577	2417
Q8TDS4	2418
P14770	2419
P10606	2420
Q9R5V5	2421
Q8NFJ5	2422
P24183	2423
Q08426	2424
Q16651	2425
Q9U8D3	2426
P13612	2427
P23340	2428
P9WG35	2429
P48061	2430
P50747	2431
Q96PF2	2432
Q9H3S4	2433
P44725	2434
P9WH11	2435
O43172	2436
P07822	2437
Q9ULZ9	2438
P14410	2439
P11409	2440
Q9H1R3	2441
Q59643	2442
P02741	2443
Q7MUW6	2444
P26358	2445
P37058	2446
Q13153	2447
P26602	2448
P78348	2449
P56817	2450
O43674	2451
Q9UGM1	2452
P51648	2453
Q96NT5	2454
P13507	2455
P01859	2456
P15056	2457
Q6ZZJ1	2458
P47872	2459
P08692	2460
P62857	2461
Q99735	2462
Q99542	2463
Q99470	2464
P0ACJ8	2465
P11473	2466
P62829	2467
P15382	2468
P08149	2469
Q76NM6	2470
Q54AI1	2471
P30405	2472
Q14680	2473
Q15722	2474
P06746	2475
O60331	2476
Q6ZQY3	2477
P51531	2478
Q12797	2479
O43424	2480
P20309	2481
Q6FHJ7	2482
P06727	2483
P0A6I3	2484
P15170	2485
P23083	2486
P54578	2487
Q6PKH6	2488
P14543	2489
P98066	2490
P05412	2491
P19320	2492
P11086	2493
P98002	2494
O24990	2495
P43115	2496
Q6NSD4	2497
P14784	2498
Q51911	2499
P02974	2500
P41145	2501
P01042	2502
Q9WZC2	2503
O60494	2504
Q8N568	2505
P24228	2506
Q3J1A6	2507
P16422	2508
P02778	2509
O95718	2510
P42226	2511
Q6XUX3	2512
P20061	2513
P17413	2514
O60840	2515
Q9H2K2	2516
P72355	2517
Q9X592	2518
P0C264	2519
Q9UHF0	2520
P07288	2521
Q16832	2522
P21453	2523
P16753	2524
Q99814	2525
Q13148	2526
P44783	2527
Q9BQI3	2528
P35908	2529
Q9LCV9	2530
P21796	2531
Q99623	2532
Q7ZJM1	2533
Q14012	2534
O75715	2535
P13569	2536
P48051	2537
P0AG16	2538
P96965	2539
O95190	2540
Q52437	2541
P0AB77	2542
P01903	2543
P00959	2544
P29508	2545
Q70I53	2546
P13100	2547
P11509	2548
P61713	2549
Q16878	2550
O76054	2551
Q9HBL8	2552
Q08257	2553
P22694	2554
Q9UHA3	2555
P0A1X3	2556
Q16718	2557
Q01064	2558
Q9Y277	2559
P00746	2560
P0AF93	2561
P30825	2562
P54710	2563
Q9X242	2564
O00763	2565
P14866	2566
O75015	2567
Q9UKE5	2568
P10398	2569
Q9FCA6	2570
P54132	2571
O60603	2572
Q26000	2573
Q9Y221	2574
Q9Y6Q9	2575
P35368	2576
P01019	2577
P00101	2578
P54289	2579
Q9Y275	2580
Q16850	2581
Q9ZLT0	2582
Q6ZN16	2583
P48167	2584
P40925	2585
O00182	2586
Q5EK40	2587
Q6NS38	2588
"P14416	2589
P01023	2590
P17538	2591
Q16270	2592
P42216	2593
P0A8X2	2594
Q7LG56	2595
P34969	2596
P0A1X2	2597
Q9NS85	2598
P10515	2599
P04040	2600
P05655	2601
P00947	2602
P38424	2603
P03915	2604
P09850	2605
O75900	2606
O08498	2607
O00329	2608
P00966	2609
P05062	2610
Q8IVH8	2611
P01591	2612
Q96P56	2613
Q00796	2614
P78559	2615
Q06520	2616
Q9Y3Q4	2617
O15460	2618
P30041	2619
Q52WX2	2620
Q9X5N2	2621
P24462	2622
O95382	2623
P01556	2624
P10613	2625
Q9BV23	2626
P37321	2627
P0A6J8	2628
O15067	2629
P49146	2630
Q9H598	2631
Q7Z406	2632
P29322	2633
P06850	2634
Q8TBX8	2635
P13945	2636
P07203	2637
Q8I814	2638
P05618	2639
Q9UM73	2640
P63151	2641
P23141	2642
P06734	2643
P14735	2644
P02746	2645
Q9NY59	2646
P04190	2647
Q9GZV3	2648
P23945	2649
P17297	2650
P36952	2651
O75880	2652
P20618	2653
Q9S427	2654
P28720	2655
P80188	2656
Q9UPZ9	2657
Q5SIH3	2658
Q59288	2659
Q8WTS6	2660
P11172	2661
P25929	2662
Q96CD2	2663
Q9FDN7	2664
P25971	2665
P83792	2666
P00488	2667
P36021	2668
Q9BWU1	2669
Q6NUM9	2670
P47229	2671
P14920	2672
P48632	2673
Q9BRS2	2674
P37173	2675
P41212	2676
P24093	2677
P51580	2678
P0A751	2679
O00303	2680
Q01581	2681
Q02750	2682
Q38087	2683
P04015	2684
Q8TDX7	2685
O68874	2686
Q16555	2687
P03897	2688
P0AG59	2689
Q02083	2690
P49888	2691
Q8TD19	2692
Q6YP21	2693
Q9NXE4	2694
P18846	2695
P31224	2696
P04279	2697
P60903	2698
P25101	2699
O43837	2700
P18843	2701
P24670	2702
P62277	2703
P9WGV3	2704
P50993	2705
P06672	2706
P11226	2707
O43920	2708
Q46704	2709
A0A0M3KKX1	2710
P11142	2711
P24310	2712
P48065	2713
P15121	2714
P16471	2715
P23181	2716
O15528	2717
P24046	2718
O60678	2719
P00367	2720
P61769	2721
P19367	2722
Q9UBX3	2723
Q9UNA4	2724
P26196	2725
Q9HBH5	2726
Q819K2	2727
Q86VB7	2728
P04271	2729
O14788	2730
P62807	2731
Q96FQ6	2732
Q02155	2733
P21589	2734
P10721	2735
P63252	2736
Q8TC12	2737
P13299	2738
Q9RN59	2739
P14385	2740
Q8XL08	2741
Q5SHP2	2742
P49788	2743
P16930	2744
P30749	2745
Q9BXA7	2746
P35225	2747
P16608	2748
P09486	2749
P43026	2750
O94925	2751
P37268	2752
Q9BW91	2753
P28566	2754
P23882	2755
Q6GJI1	2756
P23743	2757
P0A9Z7	2758
Q86V67	2759
P35590	2760
Q14833	2761
P09012	2762
Q13003	2763
Q96RR4	2764
Q46893	2765
Q59325	2766
O75376	2767
P05771	2768
P16788	2769
P80376	2770
Q93LE9	2771
P51178	2772
P00749	2773
P03765	2774
P51553	2775
Q96BI3	2776
Q15116	2777
P40406	2778
P9WHH7	2779
Q9NZ42	2780
P49773	2781
P26676	2782
O14618	2783
Q56268	2784
P56868	2785
P51812	2786
P69905	2787
P43155	2788
P15144	2789
P16932	2790
P69795	2791
P19801	2792
P28070	2793
P08708	2794
P0A921	2795
P10635	2796
P02461	2797
Q96L21	2798
P50406	2799
Q9UI32	2800
Q8TCU5	2801
Q08499	2802
P03901	2803
Q13427	2804
P0A6E4	2805
Q05488	2806
O14983	2807
Q16644	2808
Q00535	2809
Q99816	2810
Q16566	2811
Q8ZPC0	2812
Q15569	2813
P25963	2814
P08603	2815
O00142	2816
Q15825	2817
P33673	2818
P02144	2819
Q9K578	2820
Q57366	2821
Q9P2N6	2822
Q9BY08	2823
P06400	2824
Q15758	2825
Q16637	2826
Q05581	2827
P52732	2828
P30418	2829
O60264	2830
P0DM80	2831
P54687	2832
P01031	2833
Q04828	2834
Q8NBN7	2835
P15034	2836
O43677	2837
P05981	2838
O43519	2839
P17174	2840
Q9Y4W6	2841
P48050	2842
P21283	2843
P10644	2844
P04798	2845
O43612	2846
Q96EY8	2847
Q53901	2848
P25705	2849
P01574	2850
P11684	2851
Q9NR82	2852
Q03721	2853
Q9NQ25	2854
Q820T1	2855
Q02817	2856
P00148	2857
Q8TF76	2858
Q9Y478	2859
P10844	2860
P18433	2861
Q9HCD5	2862
Q6IA69	2863
Q9ULA0	2864
O43678	2865
Q9NPH2	2866
Q96BR1	2867
Q4L5E4	2868
Q9Y345	2869
Q14103	2870
Q13464	2871
P61160	2872
Q9S400	2873
P42263	2874
Q99661	2875
Q8NFA2	2876
F7VJQ1	2877
P34741	2878
Q94M05	2879
P20586	2880
Q9Q2G8	2881
P45983	2882
Q9ULK0	2883
O75475	2884
P17252	2885
O95747	2886
Q9BY41	2887
Q05329	2888
Q96C36	2889
Q02818	2890
Q9Y463	2891
P16233	2892
P62942	2893
P39045	2894
Q8WTQ7	2895
O14756	2896
P00381	2897
P46940	2898
P01116	2899
Q9HBK9	2900
O75489	2901
P0C0X2	2902
Q9UJU2	2903
B4DP61	2904
P51686	2905
Q9UQL6	2906
P45954	2907
P46736	2908
P24474	2909
P25786	2910
Q9Y600	2911
P07254	2912
P25100	2913
P51164	2914
O14746	2915
Q816R0	2916
P36544	2917
Q16739	2918
Q9H2X6	2919
Q8IYT8	2920
P48449	2921
Q99714	2922
P22676	2923
P36673	2924
P51168	2925
P06129	2926
P04958	2927
Q15102	2928
O00337	2929
Q9UNP4	2930
F5HC79	2931
Q5UPJ7	2932
Q9UJ68	2933
P03950	2934
Q7L266	2935
Q00526	2936
P56220	2937
P83916	2938
Q9H2J7	2939
P54760	2940
P59594	2941
Q3J1A5	2942
P11387	2943
P62219	2944
P53350	2945
P0A1F6	2946
P48552	2947
P39748	2948
P0A6G7	2949
P18465	2950
P28335	2951
P09238	2952
P62837	2953
P22891	2954
P61956	2955
P32884	2956
P10845	2957
P16218	2958
Q15493	2959
P02747	2960
P17787	2961
P13956	2962
P0A6R0	2963
P08865	2964
P50597	2965
P25524	2966
Q9Y2H9	2967
P30038	2968
P0AEK2	2969
Q969V6	2970
Q13258	2971
O14965	2972
O14763	2973
Q99808	2974
Q9Y2Z4	2975
Q99873	2976
P9WK19	2977
P00861	2978
P10092	2979
P08912	2980
P56282	2981
Q9P1W9	2982
Q95460	2983
P52848	2984
P41968	2985
P62491	2986
O34714	2987
Q02156	2988
Q86US8	2989
P37108	2990
P12724	2991
P84022	2992
P02679	2993
Q96KG9	2994
P53597	2995
Q13177	2996
Q60037	2997
P0A076	2998
O06644	2999
P28072	3000
P07737	3001
Q57193	3002
P45381	3003
P12268	3004
P11766	3005
Q969P6	3006
Q9Y6F1	3007
Q57254	3008
P07225	3009
P08842	3010
O60664	3011
Q9UJT0	3012
P49821	3013
P51575	3014
P04390	3015
P32169	3016
Q2M2I8	3017
P00363	3018
A0A0H2Z368	3019
O15374	3020
Q5SL87	3021
Q16620	3022
P01308	3023
P19961	3024
P16070	3025
Q8WZA2	3026
P0A794	3027
P62330	3028
P15813	3029
P07900	3030
O60896	3031
P49789	3032
P50740	3033
A5HEI4	3034
Q5SSJ5	3035
O43766	3036
Q9X4K7	3037
Q8XJ01	3038
O43252	3039
P43351	3040
Q02643	3041
Q14541	3042
P29120	3043
P00780	3044
Q16595	3045
O60513	3046
O95644	3047
Q92947	3048
P9WQD9	3049
Q9AFC7	3050
P11349	3051
Q9EXV5	3052
P02748	3053
O94760	3054
P21917	3055
O14735	3056
Q9HCG7	3057
Q59H18	3058
Q96GD0	3059
O94903	3060
Q9H1K4	3061
P05141	3062
P01764	3063
O95835	3064
Q6WRI0	3065
Q37875	3066
Q16222	3067
P14555	3068
Q15118	3069
P23458	3070
P01892	3071
P06865	3072
P05798	3073
Q8NBQ5	3074
P50213	3075
P04079	3076
Q00080	3077
Q96GR2	3078
Q13183	3079
P00811	3080
P50135	3081
O43924	3082
Q9UBF8	3083
Q14534	3084
Q96FI4	3085
P18054	3086
P17812	3087
O95167	3088
P16112	3089
P0A721	3090
P22607	3091
P77173	3092
Q9NUV7	3093
P00519	3094
P32245	3095
P25098	3096
P0AFB1	3097
Q969F8	3098
P01100	3099
P16435	3100
P28065	3101
O15350	3102
O07347	3103
Q05599	3104
Q07955	3105
O14578	3106
P0A786	3107
P0A872	3108
P06576	3109
Q86UW7	3110
P01563	3111
O69755	3112
Q9FA38	3113
P49761	3114
P9WNH5	3115
P23297	3116
P0C0T5	3117
P06858	3118
P30084	3119
P14091	3120
O95838	3121
P05108	3122
P22073	3123
O90777	3124
P11678	3125
Q16762	3126
P29899	3127
Q96GA7	3128
Q07020	3129
Q06033	3130
P35498	3131
O31440	3132
Q86XQ3	3133
P08709	3134
P08909	3135
Q46702	3136
Q9ULX7	3137
P05093	3138
P52197	3139
P62663	3140
Q9UK32	3141
P0AE67	3142
P35558	3143
P16088	3144
Q9X757	3145
P80511	3146
O67987	3147
P9WND1	3148
P31644	3149
O00555	3150
P04626	3151
P69054	3152
P15085	3153
P00156	3154
P0A9P4	3155
Q9P2W7	3156
O75879	3157
P0A820	3158
P29401	3159
Q7ADF8	3160
Q13938	3161
P07864	3162
P00469	3163
P00691	3164
Q16322	3165
P12259	3166
P78329	3167
P0C1U9	3168
P05230	3169
P51843	3170
Q9NZD4	3171
Q8ZKF6	3172
P14618	3173
P09147	3174
P60723	3175
Q9HBX9	3176
P41597	3177
O60493	3178
Q9WWU5	3179
P60339	3180
P04049	3181
P76045	3182
Q99835	3183
Q86YB8	3184
P00909	3185
P78527	3186
P9WK83	3187
P13661	3188
P00395	3189
P15391	3190
Q07837	3191
P0A0K8	3192
P07307	3193
Q9K2N0	3194
O15496	3195
P38484	3196
P24024	3197
Q15418	3198
Q56839	3199
P23763	3200
P09525	3201
P01584	3202
Q8NFW8	3203
Q07806	3204
Q5KUI3	3205
P0C0Y8	3206
P26396	3207
O15399	3208
P21695	3209
Q15125	3210
Q9BYV1	3211
Q7BK04	3212
Q9NRF9	3213
P41440	3214
O75746	3215
P27824	3216
P37330	3217
P28908	3218
O75311	3219
Q9X6W0	3220
P07097	3221
Q06710	3222
P00480	3223
P33221	3224
Q9NPA1	3225
P69772	3226
P20823	3227
O14957	3228
P06986	3229
Q07021	3230
P45066	3231
P46849	3232
O94759	3233
P18545	3234
P0A8V6	3235
P31749	3236
Q86Y07	3237
O67854	3238
P06870	3239
P41180	3240
P41022	3241
P27635	3242
P18669	3243
Q08828	3244
P09391	3245
P41020	3246
Q27218	3247
P55818	3248
P0ABQ4	3249
P15502	3250
P54753	3251
O00748	3252
O15217	3253
P29275	3254
Q9HAS3	3255
Q9HGT2	3256
P22061	3257
C1KC03	3258
Q16512	3259
P17861	3260
P01130	3261
P31723	3262
P06729	3263
O00459	3264
Q75UV1	3265
Q9P286	3266
P49368	3267
P38489	3268
Q9H244	3269
P30301	3270
Q9UIK4	3271
P39639	3272
P30043	3273
Q44244	3274
Q47PU3	3275
P50897	3276
Q8N8N7	3277
P54652	3278
P00634	3279
Q8IVA8	3280
P68400	3281
Q14995	3282
P08913	3283
P29559	3284
O43704	3285
Q969I3	3286
Q9H4Y5	3287
Q16760	3288
Q15119	3289
Q99259	3290
P46597	3291
P0A110	3292
P61278	3293
P34903	3294
Q13554	3295
P77674	3296
P45973	3297
P67936	3298
P10415	3299
P15509	3300
P01137	3301
P26951	3302
Q9P0Z9	3303
P49802	3304
Q8IVS2	3305
P17948	3306
P35232	3307
O93182	3308
P12821	3309
P28702	3310
P10827	3311
P27448	3312
P46098	3313
P35462	3314
P09237	3315
Q5JPH6	3316
P26918	3317
P0DOY9	3318
P29590	3319
Q9UGM6	3320
Q7RTX7	3321
P24385	3322
P03952	3323
P04926	3324
P60880	3325
P0A6F3	3326
O95467	3327
P03951	3328
P0C2S2	3329
P07355	3330
P10147	3331
P62660	3332
Q13882	3333
Q9UBQ6	3334
Q9HCC0	3335
Q9RX51	3336
O00408	3337
Q8IZS8	3338
Q14994	3339
P0DOY7	3340
P13376	3341
Q03403	3342
P13009	3343
Q9UJT1	3344
P00797	3345
Q9X1F8	3346
Q9UKQ2	3347
Q99497	3348
P9WIJ3	3349
Q08638	3350
O67757	3351
Q32MK0	3352
P22033	3353
P17181	3354
Q14353	3355
Q02768	3356
Q12884	3357
P9WNL5	3358
Q51990	3359
Q9RME2	3360
P06276	3361
Q5R2K6	3362
P02918	3363
P52895	3364
O15197	3365
P10340	3366
P25311	3367
P49765	3368
P51606	3369
P00864	3370
P05231	3371
P55769	3372
Q9UNN8	3373
Q06418	3374
P14416	3375
P42345	3376
Q8TD43	3377
P0ABQ0	3378
P61457	3379
Q15185	3380
O32248	3381
P02929	3382
P0A7E1	3383
P06881	3384
P42321	3385
P52333	3386
P43003	3387
P9WPB5	3388
Q9H6Z9	3389
P10930	3390
P0C8P8	3391
P45877	3392
P36888	3393
Q16698	3394
P10768	3395
Q8DNB6	3396
P71447	3397
P43403	3398
P21673	3399
P11797	3400
P62269	3401
P14625	3402
P61497	3403
P80365	3404
P26640	3405
Q8NER1	3406
P19525	3407
P18085	3408
P63027	3409
P68371	3410
P08546	3411
Q69600	3412
P10176	3413
Q86UE8	3414
O00483	3415
P00722	3416
P42085	3417
Q00534	3418
P49760	3419
P06710	3420
P02745	3421
P0A9J8	3422
A7J8L3	3423
P9WI81	3424
O75914	3425
P51151	3426
P41091	3427
O43193	3428
P68366	3429
Q9BQB4	3430
P57771	3431
P30086	3432
Q9HA77	3433
Q8IU85	3434
Q9PM68	3435
P69924	3436
Q15238	3437
P49674	3438
Q99685	3439
Q09013	3440
Q9NWT6	3441
P78540	3442
P13650	3443
P04637	3444
P75792	3445
O43451	3446
Q9A5I5	3447
P56373	3448
Q9Z4J7	3449
Q6N063	3450
P9WNC7	3451
P29034	3452
P22262	3453
O31168	3454
Q9Y5Y6	3455
P08922	3456
P41146	3457
Q96IY4	3458
O15296	3459
P97084	3460
P12319	3461
A5X5Y0	3462
O14764	3463
Q9X1K9	3464
P0CG48	3465
Q9RA47	3466
P14756	3467
O15427	3468
O60512	3469
P05121	3470
Q9NZK7	3471
O43181	3472
Q9Y234	3473
Q0VD83	3474
P61927	3475
P00935	3476
P95780	3477
P62669	3478
Q939D2	3479
P0A6Q3	3480
P08306	3481
P08631	3482
Q13163	3483
P51687	3484
O60894	3485
Q9ZGI2	3486
P26827	3487
P08048	3488
P16083	3489
Q9Y619	3490
P06875	3491
P08246	3492
Q60053	3493
Q9Y2J8	3494
P28300	3495
P22792	3496
P60953	3497
O60294	3498
P16444	3499
Q12791	3500
P07108	3501
P20831	3502
P32947	3503
Q81JF8	3504
P35556	3505
Q15111	3506
P19321	3507
O43614	3508
P13500	3509
P42685	3510
Q15303	3511
P12429	3512
P28593	3513
P0C0X8	3514
P05695	3515
P62826	3516
P49795	3517
P07515	3518
P60709	3519
Q96PY6	3520
P31025	3521
P96622	3522
Q16515	3523
Q13885	3524
P09148	3525
P00282	3526
O07529	3527
P10696	3528
P02787	3529
Q99643	3530
Q9NPB1	3531
P76187	3532
P01615	3533
P30085	3534
P26466	3535
P62166	3536
P99999	3537
O32393	3538
P00491	3539
P40225	3540
Q04095	3541
P02765	3542
O60391	3543
Q99798	3544
P26572	3545
Q9BXJ7	3546
Q12809	3547
P48736	3548
Q16877	3549
Q9NSY1	3550
O14792	3551
P43088	3552
P35340	3553
Q9NPC2	3554
Q12756	3555
P02750	3556
O31158	3557
P49589	3558
Q15031	3559
Q59192	3560
P23837	3561
A1A2B5	3562
Q51948	3563
A0A0H2XJ39	3564
P22748	3565
P04118	3566
Q9H422	3567
P31992	3568
P16640	3569
P05165	3570
P28329	3571
P19429	3572
P00720	3573
P05020	3574
P35247	3575
P07658	3576
O60669	3577
P0A749	3578
P62258	3579
Q92830	3580
Q8GJ44	3581
P55792	3582
P10915	3583
Q9P0L2	3584
Q05655	3585
P81006	3586
Q83JC4	3587
O94788	3588
Q9X0D0	3589
Q9NZQ7	3590
P10412	3591
Q93LQ9	3592
P51788	3593
Q9UBM7	3594
P51884	3595
P52597	3596
P49228	3597
P30626	3598
P10620	3599
O00750	3600
P42081	3601
Q6L8H2	3602
P00374	3603
Q9ULW8	3604
P23258	3605
P43166	3606
Q8N752	3607
P07711	3608
P39900	3609
Q16134	3610
P77444	3611
P27708	3612
Q9Y5Y4	3613
Q14626	3614
P84139	3615
P46926	3616
Q9H093	3617
O75251	3618
P00436	3619
P06612	3620
P0A827	3621
O15264	3622
P14778	3623
Q8DR59	3624
P23560	3625
P22760	3626
Q9NYX4	3627
P80303	3628
P11413	3629
Q9UBE8	3630
P48507	3631
P00325	3632
P09104	3633
Q03181	3634
Q9NQX3	3635
Q9HC97	3636
P15587	3637
Q9BVM4	3638
P0AFK9	3639
O43318	3640
Q82ZJ0	3641
Q07412	3642
P83453	3643
P30273	3644
Q9GZR5	3645
Q9L6V3	3646
O14958	3647
Q96KC2	3648
P00326	3649
P54886	3650
Q15796	3651
Q9Z9H6	3652
P04629	3653
P51452	3654
Q9WYT0	3655
P23919	3656
Q04707	3657
P55196	3658
P9WKE9	3659
P80404	3660
P09668	3661
P05177	3662
O75865	3663
O75908	3664
P35527	3665
Q81VW8	3666
Q13188	3667
Q6V1X1	3668
P00269	3669
P9WGY3	3670
P54455	3671
P31133	3672
P83844	3673
Q5L478	3674
P11439	3675
P51817	3676
O39930	3677
Q15831	3678
P39135	3679
Q96BH3	3680
P20711	3681
P12644	3682
P23443	3683
Q13362	3684
Q6UVM3	3685
P19235	3686
Q9GZT4	3687
Q9BVS4	3688
P77541	3689
P36924	3690
P51671	3691
P49190	3692
P46336	3693
Q16873	3694
P08185	3695
P48551	3696
P07464	3697
Q5NUL3	3698
P06434	3699
P47985	3700
P04350	3701
P30837	3702
Q6W5P4	3703
P20083	3704
Q81L49	3705
Q8RQE7	3706
P46939	3707
P02649	3708
P81605	3709
Q16552	3710
P0AE22	3711
Q8N1C3	3712
P15925	3713
Q9UBK8	3714
P07003	3715
Q00975	3716
Q15910	3717
P42790	3718
O75438	3719
P9WQN9	3720
O75116	3721
Q13255	3722
P07650	3723
Q99456	3724
A0A0T9AZ62	3725
Q92952	3726
Q9NVH6	3727
Q5G940	3728
P37231	3729
P57059	3730
Q6UWM7	3731
Q8ZNF3	3732
Q92793	3733
P42898	3734
Q9ULC6	3735
P27907	3736
Q96KS0	3737
P09417	3738
P07098	3739
P0A6T8	3740
Q16706	3741
P9WH69	3742
P37023	3743
Q9UJ70	3744
O32723	3745
P31785	3746
P49019	3747
P50579	3748
P02788	3749
P0A7V8	3750
Q9ZF99	3751
Q9RQB9	3752
Q92206	3753
P06239	3754
P49721	3755
Q14376	3756
P01009	3757
P61888	3758
O33833	3759
Q8IVL6	3760
Q86Y39	3761
P37059	3762
Q09428	3763
P0C188	3764
Q7B8V4	3765
P05112	3766
Q9BQE3	3767
P0A3M6	3768
P83793	3769
P04156	3770
O95831	3771
Q09470	3772
Q9UHQ9	3773
Q9UKL6	3774
Q693P7	3775
Q8KI25	3776
P34981	3777
P63261	3778
O14727	3779
P04731	3780
Q14643	3781
P02749	3782
P04036	3783
P54802	3784
O68600	3785
P0DP25	3786
P50750	3787
Q6LFH8	3788
P13827	3789
P30874	3790
Q9NR56	3791
Q9NWZ5	3792
P07451	3793
P62316	3794
P11309	3795
P21905	3796
P00778	3797
Q16831	3798
O75604	3799
Q9UNI1	3800
O95665	3801
P37672	3802
P0C6X7	3803
Q6IQ20	3804
O43613	3805
Q06528	3806
O75976	3807
Q9ULB1	3808
P63208	3809
O35000	3810
Q8NEC5	3811
P08670	3812
Q9NY46	3813
Q08289	3814
P0AD65	3815
P17302	3816
P40429	3817
P22266	3818
Q9Y5S1	3819
P62917	3820
P46782	3821
Q9Y253	3822
Q13423	3823
P09871	3824
P23469	3825
P65389	3826
Q47Q21	3827
O60547	3828
P35270	3829
A0A0H2UQB5	3830
P41595	3831
Q9NSA2	3832
P0A6A8	3833
P20742	3834
O43447	3835
P26010	3836
Q14627	3837
Q91CQ6	3838
Q99519	3839
Q07785	3840
Q13443	3841
Q8GR64	3842
P21281	3843
P30291	3844
P52788	3845
A8MPY1	3846
Q5MYR6	3847
O95461	3848
P78417	3849
Q96P20	3850
Q7Z5B4	3851
Q05603	3852
P0A910	3853
P24347	3854
P30542	3855
Q9Y678	3856
Q9UKY3	3857
Q01234	3858
P51692	3859
Q5SLQ0	3860
P10943	3861
Q23022	3862
Q56310	3863
O34002	3864
P43080	3865
Q9NQU5	3866
P08908	3867
O75899	3868
Q7CRA4	3869
P35398	3870
P43119	3871
Q9BYC2	3872
P01599	3873
Q9ZEU2	3874
P09038	3875
P80374	3876
O15304	3877
P43886	3878
P04391	3879
P54284	3880
P30419	3881
P0A108	3882
P21631	3883
O95298	3884
Q7Z2W7	3885
P49759	3886
Q873X9	3887
P0A2W7	3888
Q84II6	3889
P0ADY7	3890
P49585	3891
P02652	3892
Q9KWT5	3893
P39023	3894
O68541	3895
P08179	3896
P9WNS5	3897
P03433	3898
Q9UM07	3899
P34932	3900
P08686	3901
Q15661	3902
P00973	3903
Q14330	3904
Q59961	3905
Q7Z4W1	3906
P03923	3907
P51691	3908
P54764	3909
C0H419	3910
P83791	3911
Q7KQK0	3912
Q9UJS0	3913
P0A6Y5	3914
P03372	3915
Q6ZQN7	3916
P35348	3917
P16870	3918
P63316	3919
Q9BYF1	3920
Q9GZU7	3921
Q9UNQ0	3922
Q837V6	3923
P0AC41	3924
Q92876	3925
Q46705	3926
P11485	3927
Q93RD8	3928
P0AB74	3929
P9WN39	3930
P60900	3931
P48506	3932
Q8RLY5	3933
Q52369	3934
Q48152	3935
Q7BJM5	3936
Q8WXI7	3937
Q6NXR0	3938
P26394	3939
P00582	3940
P31751	3941
P43683	3942
P27816	3943
P08667	3944
O95622	3945
P17342	3946
P04531	3947
Q04416	3948
P12851	3949
Q9Y5S8	3950
Q6IB77	3951
P9WKK7	3952
Q8N9I0	3953
Q7DC80	3954
Q9LAK3	3955
P80371	3956
Q8VUS8	3957
P14780	3958
Q6PHW0	3959
P29475	3960
Q9HBA0	3961
Q96QU6	3962
Q9BZL6	3963
P62753	3964
Q93TU6	3965
O43676	3966
P00441	3967
Q14973	3968
P11388	3969
P05546	3970
P20906	3971
P47205	3972
P80357	3973
Q03431	3974
Q82IZ1	3975
P62736	3976
Q8IUX4	3977
Q7Z4J2	3978
P34024	3979
P52569	3980
P00739	3981
Q8IXJ6	3982
Q9HB40	3983
Q9UP95	3984
Q84FH6	3985
P53041	3986
P47712	3987
P21397	3988
P83788	3989
Q54089	3990
P09466	3991
O60427	3992
Q9UG56	3993
Q06AK7	3994
Q9WZK0	3995
P00646	3996
P06716	3997
P0C1V1	3998
O25927	3999
Q8GEZ8	4000
P55408	4001
P47871	4002
P9WPB3	4003
P41007	4004
P05327	4005
P04275	4006
Q49184	4007
P15879	4008
P32754	4009
P22352	4010
P07617	4011
O75636	4012
Q16236	4013
O87949	4014
O94768	4015
P29317	4016
Q5SKW1	4017
Q8WY07	4018
P05155	4019
P39841	4020
P0A7J6	4021
P61313	4022
Q9I194	4023
P09429	4024
P41252	4025
P05187	4026
P02768	4027
Q12908	4028
P00497	4029
P13981	4030
Q9AIU0	4031
P01303	4032
P00915	4033
P10826	4034
Q9RRU8	4035
P52758	4036
P43702	4037
P35236	4038
P60493	4039
O75469	4040
Q9Y271	4041
O34453	4042
P15954	4043
P0CG47	4044
Q8TDV5	4045
Q25634	4046
Q00653	4047
P53420	4048
P43220	4049
P47228	4050
P02775	4051
O60551	4052
Q70Z44	4053
Q15746	4054
P53985	4055
Q16773	4056
P78334	4057
O95977	4058
Q05397	4059
P39662	4060
P27815	4061
Q494W8	4062
P00387	4063
O94806	4064
P54762	4065
P00403	4066
O60488	4067
P05154	4068
Q7L0J3	4069
Q13698	4070
P23381	4071
P60844	4072
P0A8Q3	4073
Q04759	4074
P55212	4075
P07360	4076
Q7WUJ1	4077
P0A0Z8	4078
Q9P2R7	4079
P13727	4080
Q9UL54	4081
O00167	4082
P31939	4083
P0DOY6	4084
P03905	4085
P0A078	4086
O43497	4087
P03960	4088
P53554	4089
Q9Y697	4090
P02941	4091
Q51225	4092
P33247	4093
Q8N142	4094
P0AB71	4095
P15259	4096
Q99884	4097
P12996	4098
P21817	4099
O75751	4100
Q8IYQ7	4101
O75390	4102
P9WK17	4103
Q44532	4104
O00187	4105
P49798	4106
O95864	4107
P0A115	4108
P08319	4109
Q46891	4110
Q9UNX3	4111
Q02169	4112
P04745	4113
Q9HC16	4114
P09142	4115
P42679	4116
P56556	4117
P0A6I9	4118
Q04609	4119
P42892	4120
P33981	4121
P31994	4122
Q9NP56	4123
P12998	4124
Q86VL8	4125
Q9WZX6	4126
Q92570	4127
O95573	4128
Q7KZI7	4129
P22392	4130
P52209	4131
Q8RQE9	4132
P31057	4133
P49841	4134
P37288	4135
A2QLK4	4136
Q9NWZ3	4137
P0AD69	4138
Q9Y689	4139
P29377	4140
O76082	4141
Q13547	4142
P14193	4143
Q5T4S7	4144
P30305	4145
Q06323	4146
P33590	4147
P04179	4148
P0A876	4149
Q9NPJ3	4150
P62662	4151
P10275	4152
Q9UGI5	4153
Q56308	4154
B0B3C9	4155
O15303	4156
P83794	4157
P76216	4158
P09848	4159
P15169	4160
P21462	4161
Q9ZB17	4162
P04181	4163
P07814	4164
Q14003	4165
P00484	4166
P0A789	4167
P13568	4168
Q13315	4169
P0A112	4170
O14936	4171
P19021	4172
Q9H015	4173
P0C278	4174
Q83WG3	4175
P12488	4176
O95182	4177
P09063	4178
P51801	4179
Q72497	4180
O75380	4181
Q08853	4182
Q9BXA5	4183
P31358	4184
Q53591	4185
P0AE12	4186
P14927	4187
P17117	4188
Q9H252	4189
Q96RD7	4190
P9WP23	4191
P20333	4192
P08620	4193
P16109	4194
Q9UM01	4195
O67931	4196
P27828	4197
Q86TI2	4198
P42858	4199
P80192	4200
P49840	4201
P62714	4202
P0A4L9	4203
O08398	4204
Q07912	4205
O15269	4206
P61158	4207
Q9HAB3	4208
Q13426	4209
Q07982	4210
Q13956	4211
Q46393	4212
P08164	4213
P17846	4214
Q9I5F3	4215
P51800	4216
Q15761	4217
Q05901	4218
Q92598	4219
P28793	4220
P48723	4221
P36507	4222
P04004	4223
P25942	4224
P12271	4225
P51570	4226
P08870	4227
O43525	4228
P62619	4229
Q9BY32	4230
Q13557	4231
P01127	4232
Q92753	4233
P00748	4234
P16115	4235
P05100	4236
Q92911	4237
Q9N623	4238
Q9X0N8	4239
P39621	4240
P59768	4241
P31434	4242
P02776	4243
P02359	4244
Q86W47	4245
P21860	4246
P29074	4247
P31572	4248
P0A6C8	4249
O14733	4250
P43490	4251
Q92731	4252
P0C0F4	4253
P32320	4254
P0AFI5	4255
Q9Y289	4256
P52664	4257
Q8NBP7	4258
Q86V86	4259
O43772	4260
P32745	4261
P0DJD9	4262
P14210	4263
Q4VB53	4264
P25275	4265
Q9UPE1	4266
P23284	4267
Q13621	4268
P49354	4269
P00953	4270
Q07869	4271
P05787	4272
Q02779	4273
P00808	4274
P03437	4275
P01579	4276
P06732	4277
P29894	4278
Q8TED1	4279
P14060	4280
P05090	4281
Q9NY72	4282
Q8TD30	4283
P29218	4284
Q84CU3	4285
P01112	4286
O75460	4287
P06126	4288
P51170	4289
P07498	4290
P31946	4291
P49257	4292
P83796	4293
O60240	4294
P0C002	4295
P14739	4296
P40939	4297
P10589	4298
P24182	4299
O43353	4300
Q07002	4301
Q04782	4302
P43876	4303
P9WJM7	4304
O94804	4305
Q9UEW8	4306
Q9Y646	4307
O95299	4308
P9WHE9	4309
P01877	4310
P53355	4311
P55789	4312
P07333	4313
Q9NUW8	4314
Q9NS75	4315
P26439	4316
Q92930	4317
P83795	4318
P29972	4319
Q8IWL2	4320
Q8VP84	4321
P37802	4322
Q96NY8	4323
Q6PI48	4324
P19938	4325
Q9NR63	4326
Q96Q83	4327
Q9UDX3	4328
Q96EN8	4329
P53805	4330
P60063	4331
P25006	4332
Q836J0	4333
O75164	4334
P62993	4335
Q7L5Y9	4336
P26514	4337
P38516	4338
P08637	4339
Q8SPQ9	4340
Q969G6	4341
O75493	4342
O76083	4343
Q96QT4	4344
P06748	4345
P0AC44	4346
Q96G91	4347
P08100	4348
P35218	4349
P49411	4350
P52045	4351
Q9BZX2	4352
Q99705	4353
Q51793	4354
P25788	4355
Q07011	4356
P30996	4357
P12461	4358
P16006	4359
Q56232	4360
Q12852	4361
P14489	4362
Q15822	4363
P0ACB2	4364
Q16513	4365
P12318	4366
P02708	4367
Q99500	4368
Q7Z460	4369
P35914	4370
Q5SII2	4371
F5HCU8	4372
A0R559	4373
P23677	4374
O60942	4375
Q5SIR5	4376
Q9L9D7	4377
Q02763	4378
Q46079	4379
P08877	4380
Q9H4B4	4381
P43681	4382
Q02127	4383
P55157	4384
P01178	4385
P33038	4386
O43868	4387
P37840	4388
P49448	4389
P62312	4390
P29474	4391
Q53ZE5	4392
Q9X2W8	4393
P20594	4394
Q9Y3I0	4395
P07998	4396
O14841	4397
P08493	4398
P0A716	4399
Q9Y4P1	4400
P31930	4401
O15143	4402
P01850	4403
O75330	4404
P04054	4405
P0AES4	4406
Q9Y285	4407
P95029	4408
Q06700	4409
P46439	4410
O75600	4411
P00390	4412
O31465	4413
P9WNP5	4414
Q7DHH4	4415
P60842	4416
Q8IY84	4417
Q8Y7N7	4418
P28221	4419
P0A793	4420
P08473	4421
P10632	4422
Q14956	4423
P14061	4424
P05413	4425
P63244	4426
P36578	4427
P08254	4428
Q13936	4429
Q05315	4430
Q51504	4431
Q01995	4432
P0A0N4	4433
P10828	4434
Q9NZV8	4435
Q05586	4436
Q27796	4437
P10109	4438
P11310	4439
P15151	4440
P51160	4441
P49137	4442
P05543	4443
Q3J170	4444
P09110	4445
P62344	4446
P39877	4447
Q06203	4448
Q9NPD5	4449
P48735	4450
Q6FEW8	4451
Q9NR96	4452
P07741	4453
P0A6K3	4454
Q9PPP5	4455
Q13509	4456
Q96KQ7	4457
P53004	4458
Q7KZA3	4459
P02920	4460
Q0WKM4	4461
P9WPP7	4462
F5HGI9	4463
P28223	4464
P0AFU8	4465
P02925	4466
P22626	4467
P18505	4468
Q9HCR9	4469
Q9NVS9	4470
Q9L915	4471
P0A7D4	4472
Q13546	4473
Q9Y5R8	4474
T1RTG8	4475
P39300	4476
P11229	4477
O75891	4478
Q13630	4479
P48048	4480
P05162	4481
P00521	4482
P23526	4483
Q96RJ0	4484
P0AF12	4485
Q96S37	4486
P06653	4487
P46059	4488
P21731	4489
P19099	4490
O31616	4491
Q54468	4492
Q9HTN2	4493
P10997	4494
Q16348	4495
P10909	4496
Q9NP99	4497
Q14790	4498
P14169	4499
P40859	4500
P53848	4501
P24855	4502
Q9HAZ1	4503
P09936	4504
Q07075	4505
P37001	4506
Q9NXA8	4507
Q9UHY7	4508
P43700	4509
Q14542	4510
P32427	4511
P10145	4512
O95342	4513
O60341	4514
Q06278	4515
Q51782	4516
P35579	4517
O43283	4518
P27361	4519
Q92781	4520
P22637	4521
P43005	4522
Q9X278	4523
P41439	4524
P0A434	4525
Q56313	4526
P0A753	4527
Q02928	4528
Q9H239	4529
P51584	4530
Q9UIC8	4531
Q08462	4532
P19531	4533
Q46509	4534
P31948	4535
Q60FT7	4536
P45799	4537
P36683	4538
Q16478	4539
P49720	4540
P31153	4541
P23378	4542
P23905	4543
P10646	4544
P22695	4545
Q9NSD9	4546
Q6MZM0	4547
Q15393	4548
Q6PHR2	4549
P00451	4550
Q14831	4551
P00558	4552
P10384	4553
P16389	4554
Q64822	4555
P07445	4556
P06733	4557
Q8NEB9	4558
P04392	4559
P54819	4560
Q9Y4D2	4561
P06493	4562
P46781	4563
P35610	4564
P10253	4565
P12995	4566
P19827	4567
Q9NY91	4568
P0ADA1	4569
Q9K597	4570
O33830	4571
Q9HBH1	4572
Q18BX5	4573
P35030	4574
P11802	4575
Q9UI33	4576
P20231	4577
P63185	4578
P27623	4579
P08238	4580
P19622	4581
Q99933	4582
P15814	4583
P9WNX3	4584
Q9NZD2	4585
O75747	4586
Q9Y616	4587
Q9NSE4	4588
P16118	4589
O15244	4590
P19652	4591
Q96I15	4592
P07339	4593
P13726	4594
P62617	4595
