drug_Trainid	drug_bank_id	similarity3029	DB00811	0.5035781264305115
3298	DB00537	0.5033454895019531
1387	DB01601	0.5028937458992004
2982	DB01059	0.5024148225784302
1467	DB00873	0.5023165941238403
3577	DB00531	0.502306342124939
1535	DB00443	0.5021371841430664
2519	DB00585	0.5020017623901367
3979	DB00635	0.5019064545631409
1415	DB00596	0.5018823146820068
4501	DB00764	0.5018465518951416
3438	DB03793	0.5016622543334961
1047	DB01611	0.5016141533851624
3348	DB00288	0.5015528202056885
3969	DB00213	0.5014623999595642
7114	DB00822	0.5014252066612244
4674	DB00415	0.5013900995254517
3002	DB00199	0.501336395740509
4577	DB00322	0.501288115978241
2587	DB00446	0.5012100338935852
4304	DB00921	0.5012093186378479
5508	DB00626	0.5012001991271973
4251	DB02703	0.5011601448059082
3622	DB00186	0.5011451244354248
7238	DB00067	0.5011248588562012
2708	DB01182	0.5010896921157837
4491	DB09087	0.5010657906532288
6701	DB06412	0.5010370016098022
1683	DB01068	0.5010213851928711
256	DB09065	0.5009925365447998
3104	DB11703	0.5009797811508179
6483	DB09296	0.5009707808494568
5262	DB01141	0.5009651184082031
2645	DB08799	0.5009580850601196
4121	DB00838	0.5009509921073914
892	DB00507	0.5009427070617676
5231	DB04465	0.500941812992096
550	DB00277	0.5009093284606934
1831	DB00791	0.5008907914161682
4144	DB04176	0.5008898973464966
634	DB01103	0.5008797645568848
5957	DB00797	0.5008759498596191
506	DB03331	0.5008652806282043
4974	DB01270	0.5008604526519775
1112	DB00036	0.5008143782615662
7350	DB00582	0.5007994174957275
4846	DB01990	0.5007873177528381
5933	DB02211	0.5007738471031189
6644	DB00008	0.500773549079895
6939	DB08588	0.5007721185684204
2942	DB02963	0.5007526278495789
1885	DB01065	0.5007476210594177
4805	DB04659	0.5007367134094238
2009	DB02229	0.5007307529449463
4255	DB01627	0.5007286071777344
4505	DB00398	0.5007283687591553
3980	DB07080	0.5007238984107971
6392	DB02215	0.5007205009460449
2086	DB09272	0.5007200241088867
5151	DB08901	0.5007145404815674
554	DB08781	0.5007014870643616
2842	DB04063	0.5006995797157288
1717	DB00925	0.5006977915763855
2087	DB06230	0.5006943941116333
3965	DB00239	0.5006937980651855
1214	DB03902	0.5006928443908691
5433	DB00559	0.5006901025772095
2517	DB07613	0.5006893277168274
4792	DB01264	0.5006838440895081
6234	DB09552	0.5006834864616394
4606	DB00467	0.5006568431854248
1513	DB01799	0.5006492733955383
7325	DB00347	0.5006417632102966
5397	DB11235	0.5006198287010193
1362	DB02527	0.500616192817688
1343	DB05099	0.5006154179573059
2935	DB00406	0.5006143450737
963	DB09122	0.5006141662597656
1115	DB03953	0.5006088018417358
7128	DB14724	0.5006051659584045
5058	DB00073	0.5005941987037659
1430	DB03199	0.5005925297737122
5202	DB09281	0.5005913972854614
2605	DB01198	0.5005865097045898
4690	DB09560	0.5005848407745361
2448	DB07836	0.5005846619606018
3649	DB06707	0.5005814433097839
635	DB00604	0.5005801916122437
383	DB04676	0.5005747079849243
3727	DB00648	0.5005706548690796
555	DB06362	0.5005702972412109
1329	DB04168	0.5005645751953125
2045	DB00970	0.5005620121955872
6999	DB09321	0.5005578398704529
3008	DB06692	0.5005553364753723
2647	DB00428	0.5005543231964111
4886	DB07915	0.5005542635917664
2541	DB00075	0.5005508661270142
3402	DB00180	0.5005457401275635
2639	DB02038	0.5005425810813904
4220	DB04200	0.5005416870117188
6587	DB09371	0.5005415678024292
6828	DB02906	0.5005412697792053
3303	DB02801	0.5005407333374023
3085	DB00113	0.500540018081665
6931	DB00885	0.5005369782447815
6852	DB11640	0.500533938407898
4140	DB01153	0.5005334615707397
4195	DB14533	0.500533401966095
884	DB07039	0.5005236268043518
278	DB01860	0.500519871711731
6688	DB08230	0.5005194544792175
135	DB12924	0.500516414642334
5573	DB06267	0.500511646270752
1295	DB03173	0.5005089640617371
481	DB02462	0.500503659248352
2918	DB00358	0.5005016922950745
1424	DB09229	0.5004999041557312
7362	DB04752	0.5004963278770447
5823	DB01411	0.5004931688308716
6425	DB03878	0.5004911422729492
285	DB01846	0.5004907250404358
2839	DB03355	0.5004903674125671
2913	DB05265	0.5004832148551941
6847	DB07247	0.5004822611808777
5197	DB06803	0.5004814863204956
4981	DB02057	0.5004807710647583
7250	DB06890	0.5004785060882568
674	DB03967	0.5004778504371643
3961	DB08055	0.5004767775535583
4545	DB08573	0.5004765391349792
1568	DB07751	0.5004760026931763
4203	DB02188	0.5004754662513733
50	DB01810	0.50047367811203
3761	DB07954	0.5004703402519226
282	DB00750	0.5004695653915405
4061	DB11541	0.5004662871360779
4204	DB00351	0.5004637241363525
6113	DB07456	0.500460684299469
2366	DB00100	0.5004588961601257
6258	DB08088	0.5004578232765198
6827	DB08286	0.5004551410675049
3414	DB07487	0.5004532337188721
6295	DB06873	0.5004487037658691
5322	DB00108	0.500447690486908
7265	DB06050	0.500444769859314
2029	DB03226	0.500443160533905
3460	_DB_MM	0.5004411935806274
3368	DB05290	0.5004374980926514
4638	DB07750	0.5004374384880066
3949	DB05177	0.5004373788833618
5923	DB04267	0.500435471534729
5106	DB12483	0.5004329085350037
4372	DB07168	0.5004314184188843
1055	DB01819	0.5004269480705261
6201	DB06729	0.5004252791404724
3688	DB05101	0.5004248023033142
5767	DB00152	0.5004248023033142
1699	DB08752	0.5004245042800903
4546	DB03627	0.5004228949546814
2104	DB05018	0.5004214644432068
6062	DB01748	0.5004211664199829
6318	DB01668	0.5004181861877441
1814	DB05906	0.5004104375839233
3048	DB01806	0.5004100799560547
5668	DB04004	0.5004100203514099
972	DB02001	0.5004095435142517
1053	DB04169	0.5004072189331055
3443	DB07126	0.5004066824913025
1299	DB07141	0.5004057884216309
3564	DB11587	0.5004056096076965
6225	DB00219	0.5004053115844727
1264	DB06962	0.500402569770813
1822	DB00649	0.5004020929336548
5690	DB05276	0.5004019737243652
6616	DB04606	0.5004019141197205
3109	DB02121	0.5004017353057861
382	DB02258	0.5004014372825623
6190	DB00498	0.5004011392593384
4042	DB04745	0.5004004836082458
6774	DB05332	0.5003964304924011
1368	DB00461	0.5003955960273743
4583	DB00238	0.5003947615623474
2976	DB03629	0.5003929138183594
5688	DB07973	0.50039142370224
351	DB12364	0.5003910064697266
3741	DB01731	0.5003901720046997
5580	DB07585	0.5003901124000549
2897	DB01698	0.5003877282142639
4400	DB03085	0.5003867149353027
2557	DB01433	0.5003851056098938
4973	DB07601	0.5003827214241028
3105	DB01663	0.5003810524940491
6997	DB13161	0.5003800988197327
2966	DB09073	0.5003787875175476
3659	DB03096	0.50037682056427
4735	DB00670	0.5003756880760193
5613	DB06360	0.5003754496574402
1193	DB08316	0.5003728866577148
1573	DB09543	0.5003719329833984
5015	DB12688	0.5003707408905029
3881	DB01619	0.500369668006897
177	DB02821	0.5003678202629089
48	DB12377	0.5003668069839478
2478	DB00752	0.5003666877746582
4582	DB06928	0.5003663897514343
2154	DB03294	0.5003659725189209
2259	DB01808	0.5003655552864075
3925	DB01826	0.5003654360771179
2215	DB09300	0.500365138053894
3959	DB01087	0.5003650188446045
2824	DB01281	0.5003638863563538
7108	DB08410	0.5003638863563538
6690	DB07736	0.500361979007721
4796	DB00497	0.500361442565918
5819	DB02548	0.5003591775894165
6064	DB07311	0.5003581643104553
1413	DB04925	0.5003561973571777
2467	DB07408	0.5003556609153748
3430	DB06013	0.5003511309623718
5689	DB01958	0.5003507733345032
1890	DB08016	0.5003495216369629
6034	DB02965	0.5003494024276733
5112	DB07190	0.5003490447998047
369	DB05487	0.5003487467765808
5752	DB11079	0.500348687171936
2604	DB07309	0.500347912311554
2127	DB01084	0.5003478527069092
5162	DB04116	0.5003466606140137
3911	DB03915	0.5003462433815002
2584	DB02096	0.5003449320793152
3689	DB07905	0.5003446936607361
2157	DB01865	0.500344455242157
2885	DB01835	0.5003421306610107
412	DB04331	0.5003418922424316
5268	DB02019	0.5003414750099182
514	DB08399	0.5003408789634705
5810	DB01651	0.5003403425216675
1661	DB04842	0.5003402233123779
3733	DB05966	0.500339150428772
7200	DB07875	0.5003376603126526
3976	DB07121	0.5003364682197571
5207	DB02846	0.5003349184989929
4150	DB07257	0.5003331899642944
6524	DB11124	0.5003328323364258
1753	DB07648	0.5003313422203064
5559	DB01161	0.5003311038017273
4896	DB01813	0.5003292560577393
5017	DB00488	0.5003271102905273
10	DB00150	0.5003257393836975
2183	DB04791	0.5003251433372498
252	DB02835	0.5003250241279602
7232	DB06864	0.5003247261047363
3055	DB01041	0.5003238916397095
4767	DB02030	0.5003235936164856
333	DB08687	0.5003234148025513
3734	DB05869	0.5003228187561035
1298	DB08546	0.500321090221405
366	DB08559	0.5003207325935364
4314	DB03849	0.5003204941749573
110	DB08124	0.5003201365470886
715	DB00716	0.5003173351287842
4389	DB11901	0.5003151893615723
2512	DB03340	0.5003148317337036
4686	DB08253	0.5003146529197693
2069	DB01625	0.500313937664032
1367	DB06468	0.5003135204315186
6306	DB12436	0.5003130435943604
764	DB02422	0.5003118515014648
6682	DB02045	0.5003116130828857
998	DB08232	0.5003107786178589
7361	DB03721	0.5003105401992798
3525	DB02374	0.5003104209899902
768	DB12010	0.5003094673156738
215	DB00499	0.5003089308738708
6169	DB06116	0.5003088116645813
873	DB00802	0.5003088116645813
3685	DB06157	0.5003061890602112
5907	DB02823	0.5003052949905396
5622	DB12836	0.5003032684326172
5147	DB08627	0.5003031492233276
3501	DB14012	0.5003016591072083
1031	DB07951	0.5002998113632202
2285	DB05431	0.5002993941307068
4789	DB04807	0.5002992153167725
1942	DB06884	0.5002985000610352
3829	DB04036	0.5002967715263367
6122	DB05088	0.5002965331077576
6403	DB03205	0.5002964735031128
7130	DB08411	0.5002961158752441
4033	DB06969	0.5002951622009277
5376	DB13867	0.5002943277359009
2742	DB02375	0.5002939105033875
6798	DB07681	0.5002922415733337
5793	DB11077	0.5002905130386353
2338	DB06828	0.5002893209457397
5914	DB07019	0.500288188457489
5942	DB04220	0.5002881288528442
3923	DB08923	0.5002879500389099
407	DB03737	0.5002869367599487
7342	DB01102	0.5002868175506592
128	DB00388	0.5002865791320801
1781	DB05415	0.5002850294113159
2755	DB04155	0.5002841949462891
6887	DB07105	0.5002835988998413
6766	DB03178	0.5002813935279846
5555	DB08805	0.5002804398536682
18	DB01535	0.5002793073654175
5021	DB01541	0.5002784729003906
107	DB03110	0.5002767443656921
4182	DB00534	0.5002766847610474
1342	DB11714	0.500276505947113
56	DB08166	0.5002764463424683
2872	DB04191	0.5002748966217041
4236	DB08499	0.5002743601799011
4202	DB00889	0.5002741813659668
736	DB01683	0.5002730488777161
4494	DB08711	0.5002724528312683
778	DB08072	0.5002716779708862
1916	DB05685	0.5002716183662415
2385	DB05590	0.5002716183662415
6907	DB07020	0.5002711415290833
5114	DB07345	0.5002696514129639
3335	DB06043	0.5002691149711609
4448	DB02183	0.5002688765525818
1620	DB00090	0.5002687573432922
2376	DB02243	0.5002686381340027
4267	DB03485	0.5002681612968445
614	DB00980	0.5002678036689758
1012	DB07804	0.5002678036689758
1139	DB05889	0.500267744064331
6883	DB09127	0.5002670884132385
3758	DB14539	0.5002663135528564
2360	DB04616	0.5002662539482117
967	DB03929	0.5002630352973938
4109	DB07181	0.5002623200416565
1269	DB03865	0.5002605319023132
6750	DB08454	0.5002591609954834
3254	DB04206	0.5002589821815491
3395	DB08676	0.5002578496932983
2201	DB08023	0.5002577304840088
284	DB07731	0.5002568960189819
5461	DB00059	0.5002567172050476
2602	DB02576	0.5002564191818237
245	DB03196	0.5002557039260864
1547	DB05079	0.5002556443214417
143	DB07470	0.5002548098564148
1811	DB03095	0.50025475025177
3398	DB07729	0.5002535581588745
824	DB01897	0.5002519488334656
7026	DB00725	0.5002511143684387
279	DB03433	0.5002509951591492
6068	DB08350	0.5002498030662537
444	DB07929	0.5002497434616089
1723	DB01925	0.5002489686012268
602	DB02383	0.500248908996582
3916	DB06713	0.5002482533454895
1947	DB02140	0.5002455115318298
3192	DB01644	0.5002450942993164
305	DB04436	0.5002450346946716
218	DB08739	0.5002450346946716
5165	DB11626	0.5002450346946716
4688	DB11094	0.500244677066803
7319	DB03171	0.5002442598342896
3675	DB08604	0.500244140625
6909	DB08819	0.5002439618110657
1273	DB14072	0.500243604183197
3598	DB00003	0.5002433061599731
2097	DB02580	0.5002428889274597
567	DB03316	0.5002425909042358
2571	DB02560	0.5002422332763672
1514	DB01969	0.5002409815788269
1879	DB08495	0.5002389550209045
839	DB04425	0.5002388954162598
5060	DB14514	0.5002372860908508
5152	DB01005	0.5002350211143494
7271	DB03978	0.5002350211143494
5579	DB00631	0.5002343058586121
6292	DB09418	0.50023353099823
7155	DB04073	0.5002332925796509
4134	DB07967	0.500232994556427
1312	DB01548	0.500232994556427
2228	DB08105	0.5002328157424927
6136	DB05668	0.5002328157424927
3477	DB06909	0.5002307295799255
7277	DB06090	0.5002299547195435
3880	DB02094	0.5002280473709106
2825	DB01834	0.5002280473709106
5589	DB02848	0.500225841999054
5220	DB14489	0.5002256631851196
2204	DB00679	0.5002247095108032
5456	DB08314	0.5002237558364868
3357	DB11300	0.5002222657203674
21	DB08615	0.5002222061157227
1222	DB02648	0.5002219676971436
93	DB08470	0.5002217888832092
3483	DB02475	0.5002216100692749
2838	DB06358	0.500221312046051
862	DB07883	0.5002212524414062
5074	DB11606	0.5002208948135376
4099	DB08450	0.5002206563949585
330	DB03420	0.5002202391624451
3070	DB05399	0.5002191662788391
6812	DB03024	0.5002188086509705
6345	DB07901	0.5002173185348511
4414	DB03107	0.5002172589302063
6294	DB03862	0.5002167820930481
1468	DB13876	0.5002156496047974
2925	DB03037	0.5002152323722839
1991	DB06926	0.5002134442329407
4398	DB01622	0.500213086605072
1271	DB01351	0.5002127885818481
1136	DB01762	0.5002127885818481
989	DB05096	0.500212550163269
564	DB08056	0.5002124905586243
7247	DB07322	0.5002123713493347
3611	DB00091	0.5002121329307556
6614	DB01735	0.5002116560935974
2387	DB01463	0.5002113580703735
841	DB08709	0.5002104043960571
3884	DB02036	0.5002084970474243
2211	DB07212	0.5002067685127258
6050	DB04426	0.5002065896987915
5816	DB13036	0.500206470489502
7281	DB02559	0.5002048015594482
207	DB11320	0.5002043843269348
2745	DB03886	0.5002030730247498
6166	DB02097	0.5002028346061707
195	DB00991	0.500199556350708
6397	DB05488	0.5001990795135498
439	DB12118	0.5001989603042603
4436	DB07010	0.5001977682113647
6108	DB00575	0.5001972913742065
102	DB04828	0.5001958608627319
27	DB05013	0.5001952052116394
4411	DB11633	0.5001951456069946
1538	DB13881	0.5001949667930603
5795	DB07006	0.5001948475837708
735	DB00200	0.5001948475837708
5944	DB00151	0.5001945495605469
540	DB11718	0.500194251537323
4080	DB03661	0.5001941919326782
1354	DB09198	0.5001940727233887
4848	DB07819	0.50019371509552
1776	DB06560	0.5001934170722961
5925	DB03541	0.5001934170722961
7347	DB07015	0.5001927018165588
6076	DB07297	0.5001921057701111
5858	DB06684	0.5001904368400574
981	DB14520	0.5001890659332275
1964	DB08144	0.500188946723938
4138	DB07198	0.5001883506774902
4369	DB02749	0.5001882910728455
1393	DB07640	0.500187873840332
1029	DB01116	0.5001874566078186
5395	DB00013	0.5001874566078186
4076	DB03680	0.5001871585845947
5372	DB05644	0.5001864433288574
6332	DB00829	0.5001862049102783
2843	DB01604	0.5001855492591858
6787	DB11386	0.5001842975616455
4615	DB08319	0.5001813173294067
2347	DB07853	0.5001810789108276
4449	DB03401	0.5001806020736694
6364	DB08085	0.5001797080039978
2968	DB04450	0.5001785755157471
6851	DB08091	0.5001785755157471
3792	DB07220	0.5001782774925232
5981	DB02221	0.5001782178878784
3851	DB04496	0.5001782178878784
1172	DB04560	0.5001776218414307
2609	DB02919	0.5001750588417053
4579	DB00430	0.5001744031906128
7308	DB01788	0.5001741051673889
730	DB01612	0.5001730918884277
3171	DB07296	0.50017249584198
4568	DB07336	0.5001716017723083
3063	DB08356	0.5001710057258606
6694	DB02323	0.5001704096794128
3939	DB08062	0.5001702904701233
1103	DB03379	0.5001699924468994
3503	DB05983	0.5001696348190308
299	DB09237	0.5001674294471741
3789	DB08140	0.5001670122146606
115	DB04315	0.5001664757728577
2217	DB04681	0.5001663565635681
5990	DB04795	0.500164806842804
7354	DB00066	0.5001630187034607
436	DB03857	0.5001628398895264
4132	DB02567	0.5001617074012756
6846	DB08106	0.5001614689826965
2924	DB09088	0.5001609921455383
4790	DB07717	0.500160813331604
6032	DB08447	0.5001606345176697
6745	DB03996	0.5001605749130249
6589	DB07591	0.5001604557037354
4300	DB04256	0.5001595616340637
2880	DB07156	0.5001593828201294
3985	DB07262	0.5001586079597473
4157	DB03868	0.5001585483551025
5179	DB03800	0.5001585483551025
1119	DB04505	0.500158429145813
3431	DB03476	0.5001581311225891
1853	DB07479	0.5001576542854309
5847	DB02418	0.500157356262207
5140	DB00740	0.5001571774482727
4434	DB01166	0.5001564621925354
1438	DB05420	0.5001562833786011
6905	DB09121	0.5001561045646667
3396	DB08125	0.5001553893089294
1923	DB14507	0.5001537799835205
1678	DB01163	0.5001534819602966
697	DB13144	0.5001531839370728
6128	DB02477	0.5001522898674011
3570	DB08632	0.5001518726348877
4462	DB06979	0.500150203704834
1684	DB00298	0.5001501441001892
897	DB04052	0.5001497864723206
5849	DB01497	0.5001492500305176
3197	DB06802	0.5001490116119385
2169	DB11726	0.5001484751701355
4617	DB01593	0.5001478791236877
3068	DB07677	0.500147819519043
5641	DB02015	0.5001476407051086
6250	DB07466	0.50014728307724
5635	DB03341	0.5001471638679504
2827	DB06876	0.5001469850540161
1599	DB06637	0.5001468658447266
4542	DB02743	0.5001465678215027
4940	DB07680	0.5001465082168579
731	DB03145	0.5001463890075684
2669	DB13878	0.5001460313796997
3579	DB08130	0.5001450181007385
2625	DB02486	0.5001433491706848
4816	DB07274	0.5001426935195923
3128	DB02547	0.500142514705658
6940	DB02893	0.5001423954963684
4432	DB02112	0.5001408457756042
2026	DB11692	0.5001404881477356
5423	DB01149	0.5001404285430908
5041	DB00569	0.5001401901245117
3387	DB06039	0.5001394748687744
7320	DB00299	0.5001389384269714
3869	DB04207	0.5001384615898132
5087	DB01173	0.5001380443572998
969	DB03441	0.500137209892273
3701	DB01632	0.50013667345047
6583	DB07549	0.5001361966133118
2455	DB02753	0.5001360774040222
1003	DB02861	0.5001357793807983
7341	DB05773	0.5001344680786133
4561	DB00543	0.5001341104507446
2297	DB07378	0.5001325607299805
4126	DB02165	0.5001312494277954
2955	DB00934	0.5001309514045715
5594	DB07222	0.500130832195282
7327	DB08571	0.5001299977302551
2212	DB03483	0.500128984451294
3728	DB05501	0.5001288652420044
3461	DB06925	0.5001274943351746
3912	DB04143	0.500126838684082
3686	DB11635	0.5001267790794373
3645	DB06827	0.5001260638237
2392	DB03761	0.5001246333122253
6205	DB13902	0.5001243352890015
6314	DB01078	0.5001234412193298
4484	DB01777	0.5001233816146851
7151	DB02223	0.5001227855682373
5675	DB06992	0.5001222491264343
5996	DB06021	0.5001218914985657
3669	DB05483	0.5001218318939209
2167	DB03664	0.5001217722892761
1820	DB07974	0.500121533870697
859	DB02256	0.5001210570335388
6954	DB03305	0.5001197457313538
2599	DB07439	0.5001185536384583
160	DB08640	0.5001181960105896
1910	DB02955	0.5001181960105896
225	DB03512	0.5001174211502075
1339	DB05465	0.5001172423362732
2672	DB06069	0.500116765499115
5888	DB00028	0.5001167058944702
2527	DB07090	0.5001166462898254
5457	DB04154	0.5001157522201538
4562	DB01412	0.5001146197319031
6634	DB08220	0.5001144409179688
3086	DB03546	0.5001136660575867
6897	DB01196	0.5001129508018494
5504	DB07676	0.5001126527786255
2149	DB08076	0.5001122951507568
1996	DB00886	0.5001092553138733
3955	DB00440	0.5001091957092285
5970	DB13893	0.5001088976860046
1592	DB01699	0.5001082420349121
3367	DB08770	0.5001077055931091
4915	DB07737	0.5001075267791748
2064	DB01259	0.5001073479652405
3805	DB01950	0.500106692314148
142	DB02216	0.5001063942909241
3906	DB03501	0.500106155872345
6511	DB12001	0.5001058578491211
2823	DB03090	0.5001053214073181
3681	DB02271	0.5001051425933838
1147	DB01000	0.5001049041748047
3748	DB03238	0.5001044273376465
6599	DB00110	0.5001029968261719
5020	DB07715	0.5001026391983032
4175	DB07550	0.500102162361145
6453	DB00174	0.5001015663146973
1000	DB06599	0.5001014471054077
7173	DB04286	0.5001012086868286
4090	DB03471	0.5001010298728943
1084	DB07033	0.50010085105896
5205	DB12418	0.5001006126403809
1562	DB01160	0.500099241733551
1364	DB08916	0.500098705291748
2112	DB05913	0.5000981092453003
2991	DB08524	0.500097930431366
164	DB06879	0.5000974535942078
3207	DB04864	0.5000970363616943
4721	DB04424	0.5000967979431152
4937	DB07227	0.5000964403152466
4015	DB05234	0.5000962018966675
757	DB02315	0.5000943541526794
2089	DB09220	0.5000940561294556
3667	DB02278	0.500093400478363
1522	DB06897	0.5000930428504944
4453	DB04197	0.5000923871994019
4046	DB02282	0.5000920295715332
4551	DB00340	0.5000918507575989
6642	DB07958	0.5000916719436646
7125	DB03348	0.5000911951065063
411	DB04132	0.500091016292572
5978	DB02381	0.5000894665718079
4165	DB04131	0.5000890493392944
7101	DB01466	0.5000889897346497
7103	DB03890	0.5000883340835571
1104	DB03582	0.500088095664978
6009	DB04572	0.5000877976417542
5627	DB06218	0.5000876188278198
4902	DB03798	0.5000874400138855
3300	DB06494	0.5000873804092407
5209	DB04440	0.5000870823860168
434	DB06964	0.50008624792099
4906	DB03907	0.5000860691070557
2371	DB11597	0.5000859498977661
337	DB08108	0.5000855922698975
798	DB03787	0.5000842809677124
7012	DB02362	0.5000837445259094
5218	DB00372	0.5000831484794617
4895	DB00639	0.5000824332237244
2373	DB04867	0.5000824332237244
4566	DB05109	0.5000818371772766
2583	DB04763	0.5000816583633423
7253	DB07366	0.5000803470611572
5503	DB03657	0.5000801086425781
4383	DB02727	0.5000795125961304
2206	DB06852	0.5000795125961304
3511	DB02645	0.5000791549682617
180	DB05149	0.5000790953636169
78	DB09041	0.5000790357589722
548	DB07993	0.5000789165496826
6631	DB07381	0.5000783801078796
4394	DB02341	0.5000774264335632
651	DB02109	0.5000772476196289
2626	DB06195	0.500076949596405
3856	DB11590	0.500076413154602
1834	DB12379	0.5000762939453125
3279	DB03212	0.5000762343406677
1806	DB14530	0.5000755786895752
3942	DB09215	0.5000755190849304
5056	DB07398	0.5000751614570618
1867	DB04577	0.5000750422477722
3325	DB03086	0.5000745058059692
591	DB02911	0.5000743269920349
492	DB07133	0.5000734329223633
6051	DB07192	0.500073254108429
6249	DB00739	0.5000730752944946
2340	DB13170	0.5000722408294678
348	DB07459	0.50007164478302
2928	DB14544	0.5000709295272827
3253	DB08116	0.5000703930854797
98	DB00594	0.500069797039032
3806	DB06991	0.5000693798065186
1487	DB06711	0.500069260597229
6248	DB04557	0.5000689625740051
2013	DB00122	0.5000689029693604
3314	DB02542	0.500068724155426
2852	DB03313	0.5000686645507812
3265	DB05298	0.5000685453414917
5783	DB03074	0.5000676512718201
7085	DB03385	0.5000669360160828
6942	DB00732	0.5000663995742798
3628	DB06941	0.5000663995742798
6416	DB07164	0.5000661015510559
4245	DB00389	0.5000657439231873
4050	DB07236	0.5000653862953186
281	DB04501	0.5000652074813843
5166	DB03172	0.5000650882720947
2014	DB06245	0.5000633597373962
5054	DB00006	0.5000633001327515
5574	DB07385	0.5000629425048828
6584	DB01977	0.5000616908073425
6600	DB03179	0.5000612139701843
5625	DB08151	0.5000611543655396
766	DB08303	0.5000602602958679
7208	DB01859	0.5000596046447754
4633	DB03021	0.5000583529472351
4430	DB03555	0.5000582933425903
6520	DB01520	0.5000573396682739
826	DB04277	0.5000571012496948
5139	DB06321	0.500056803226471
2339	DB13875	0.500056266784668
4924	DB03641	0.5000554919242859
1309	DB04562	0.5000553727149963
2617	DB02970	0.500055193901062
7295	DB08802	0.500054121017456
32	DB04126	0.5000540614128113
6581	DB08875	0.5000539422035217
6778	DB07331	0.5000535249710083
6643	DB03864	0.5000522136688232
5906	DB02032	0.5000522136688232
2756	DB03679	0.5000522136688232
2648	DB03220	0.500051736831665
2317	DB08618	0.5000513195991516
3746	DB02816	0.5000512003898621
1680	DB07965	0.5000507235527039
4193	DB07598	0.5000499486923218
2636	DB06700	0.5000498294830322
2046	DB11642	0.5000495910644531
5024	DB03445	0.5000495314598083
1837	DB07101	0.5000494122505188
5747	DB07678	0.5000491142272949
6935	DB00314	0.5000488758087158
5630	DB09045	0.5000486373901367
2640	DB05049	0.5000476241111755
6063	DB07769	0.5000464916229248
6290	DB05466	0.5000451803207397
1263	DB07687	0.5000445246696472
5662	DB03147	0.5000437498092651
5345	DB07256	0.5000432133674622
3454	DB05241	0.5000429153442383
2058	DB00963	0.500042736530304
5646	DB04714	0.5000425577163696
5128	DB03372	0.5000419616699219
3012	DB01655	0.500041663646698
1761	DB02377	0.500040590763092
6670	DB07137	0.5000404119491577
2730	DB05739	0.5000402331352234
387	DB08009	0.5000401735305786
4762	DB09078	0.5000401139259338
7079	DB01814	0.5000396966934204
4946	DB03871	0.5000396966934204
2946	DB09130	0.5000394582748413
2171	DB08331	0.5000378489494324
3245	DB02163	0.5000377297401428
3589	DB08601	0.5000365376472473
4997	DB12442	0.5000365376472473
5192	DB08153	0.5000364780426025
3610	DB01237	0.5000364184379578
928	DB02339	0.5000362396240234
6130	DB01893	0.5000361800193787
5188	DB08734	0.5000361204147339
2696	DB08083	0.5000357627868652
1927	DB08538	0.5000351071357727
2550	DB06950	0.500034511089325
2419	DB08964	0.5000343322753906
1049	DB03640	0.5000342130661011
5350	DB01301	0.5000336170196533
17	DB04777	0.5000331997871399
4898	DB07074	0.5000331401824951
2003	DB03606	0.5000313520431519
812	DB02595	0.5000309944152832
2144	DB09020	0.5000303387641907
3502	DB03573	0.5000301003456116
5334	DB04879	0.5000301003456116
3227	DB03771	0.5000298619270325
7218	DB03833	0.5000296235084534
6411	DB04926	0.5000295042991638
4855	DB03230	0.5000289678573608
3796	DB05796	0.5000280141830444
733	DB02694	0.5000273585319519
5928	DB11963	0.5000271797180176
2275	DB02644	0.5000270009040833
125	DB05446	0.5000259876251221
465	DB07307	0.5000259280204773
5335	DB01905	0.5000247955322266
6251	DB07786	0.5000237226486206
1797	DB08629	0.5000228881835938
6764	DB03825	0.5000223517417908
6961	DB05934	0.5000221729278564
413	DB05319	0.5000219941139221
5075	DB07829	0.5000218152999878
6197	DB08004	0.5000215768814087
4914	DB12329	0.5000211000442505
1555	DB03782	0.5000202059745789
1423	DB14568	0.5000196695327759
6508	DB01866	0.5000196695327759
5841	DB02095	0.5000190734863281
7207	DB02793	0.5000178813934326
1616	DB04970	0.5000177621841431
5022	DB02493	0.5000176429748535
5254	DB08672	0.5000174641609192
2579	DB08423	0.5000167489051819
3469	DB07412	0.5000166893005371
5703	DB09207	0.5000165700912476
5385	DB00465	0.5000163316726685
5480	DB03649	0.5000154376029968
3467	DB08329	0.5000153183937073
657	DB01008	0.5000153183937073
6140	DB03045	0.5000139474868774
593	DB08795	0.5000138878822327
2016	DB08347	0.5000138878822327
5656	DB08733	0.5000138282775879
2790	DB02352	0.5000133514404297
4128	DB00031	0.5000126361846924
1465	DB06506	0.5000125765800476
5983	DB12278	0.5000123381614685
6994	DB02175	0.5000116229057312
4704	DB08131	0.5000105500221252
1536	DB02532	0.5000103116035461
3753	DB07371	0.5000098943710327
1099	DB07128	0.5000097751617432
1233	DB01240	0.5000097155570984
1973	DB03437	0.5000086426734924
386	DB04588	0.5000085830688477
2184	DB00753	0.5000085830688477
3549	DB09258	0.5000081658363342
4189	DB01737	0.5000078082084656
2031	DB09068	0.500007688999176
3600	DB07619	0.5000075101852417
2936	DB07089	0.5000072121620178
2283	DB02927	0.5000067353248596
1270	DB07500	0.5000067353248596
5681	DB01079	0.5000066161155701
4652	DB03848	0.5000064373016357
5201	DB02474	0.5000063180923462
3962	DB08569	0.500005841255188
5141	DB02063	0.5000057220458984
2977	DB09317	0.5000048875808716
3647	DB02574	0.5000045895576477
419	DB04173	0.5000044107437134
6008	DB03815	0.5000038743019104
7193	DB00696	0.5000038146972656
5498	DB01763	0.5000036358833313
75	DB13919	0.5000031590461731
483	DB07997	0.5000030398368835
364	DB07481	0.500002920627594
5121	DB00660	0.5000025033950806
2487	DB13751	0.5000020861625671
3820	DB01955	0.5000019669532776
3795	DB04788	0.5000011920928955
3833	DB02989	0.5000010132789612
4618	DB03329	0.5000010132789612
6574	DB07627	0.500000536441803
1109	DB03758	0.5000000596046448
701	DB04683	0.5000000596046448
6102	DB07982	0.49999910593032837
993	DB08325	0.49999910593032837
4661	DB08594	0.49999886751174927
623	DB14039	0.49999842047691345
4335	DB07120	0.4999983608722687
6924	DB02828	0.4999973773956299
192	DB05801	0.4999971389770508
6269	DB05930	0.4999971389770508
354	DB05412	0.4999966025352478
5040	DB00318	0.4999963343143463
7199	DB02017	0.4999953508377075
2384	DB02940	0.49999532103538513
6135	DB03523	0.49999430775642395
2981	DB03183	0.49999383091926575
1039	DB03747	0.49999377131462097
5516	DB06202	0.4999934434890747
3763	DB04304	0.499993234872818
5682	DB01056	0.49999240040779114
694	DB00561	0.4999915659427643
5078	DB04793	0.49999120831489563
1929	DB02892	0.4999900460243225
5890	DB04271	0.49998998641967773
1014	DB04888	0.49998998641967773
5373	DB03046	0.4999898672103882
7240	DB06714	0.4999896287918091
6386	DB07863	0.4999891519546509
2050	DB00234	0.49998897314071655
1141	DB03389	0.49998846650123596
3682	DB00579	0.49998772144317627
880	DB05303	0.49998706579208374
1383	DB04648	0.49998658895492554
1944	DB07660	0.49998584389686584
3093	DB00611	0.49998563528060913
1406	DB03448	0.4999847412109375
707	DB01878	0.49998462200164795
1117	DB00487	0.4999830424785614
1961	DB07245	0.4999829828739166
6549	DB05938	0.4999823272228241
3914	DB13150	0.499981552362442
4229	DB06190	0.49998143315315247
6247	DB06081	0.4999804198741913
6859	DB08891	0.4999791979789734
1510	DB04133	0.49997907876968384
3513	DB04664	0.49997904896736145
2598	DB02257	0.49997904896736145
2817	DB12865	0.4999788701534271
1643	DB04489	0.4999774098396301
6005	DB03042	0.49997690320014954
6639	DB03745	0.49997657537460327
2944	DB05695	0.4999765455722809
1143	DB07013	0.4999765455722809
6783	DB08896	0.4999759793281555
664	DB07741	0.49997490644454956
6628	DB01496	0.4999748766422272
4108	DB04820	0.49997478723526
4000	DB12371	0.49997472763061523
5448	DB08237	0.49997350573539734
5965	DB09152	0.4999732971191406
4934	DB05792	0.49997231364250183
4493	DB07485	0.49997180700302124
6099	DB07625	0.49997174739837646
3988	DB08807	0.49997106194496155
5469	DB01784	0.4999707043170929
4874	DB06660	0.49997034668922424
3679	DB03863	0.49996963143348694
4966	DB02551	0.4999691843986511
4594	DB07798	0.49996909499168396
5089	DB11085	0.4999689757823944
6393	DB03444	0.49996888637542725
4829	DB05010	0.4999682605266571
2224	DB11201	0.4999678134918213
1067	DB00054	0.49996721744537354
3775	DB07200	0.4999670088291168
6996	DB06934	0.4999663829803467
1711	DB08922	0.4999661445617676
1345	DB07254	0.4999656677246094
1252	DB02072	0.49996495246887207
2296	DB09057	0.4999646842479706
3507	DB07981	0.4999642074108124
5958	DB03979	0.4999641478061676
3663	DB03130	0.4999637007713318
262	DB08655	0.4999637007713318
2358	DB08437	0.49996355175971985
5691	DB12458	0.49996352195739746
1903	DB02379	0.4999629557132721
4452	DB08780	0.49996283650398254
124	DB07392	0.49996209144592285
5927	DB07029	0.49996182322502136
7289	DB08932	0.49996158480644226
2712	DB11772	0.4999611973762512
5132	DB08656	0.49996089935302734
2551	DB07148	0.4999603033065796
4170	DB01170	0.4999598264694214
7180	DB08738	0.49995964765548706
6683	DB13200	0.49995937943458557
2650	DB08042	0.49995875358581543
633	DB07229	0.49995872378349304
1283	DB07435	0.4999579191207886
123	DB08377	0.4999575614929199
3604	DB02953	0.4999575614929199
4931	DB04382	0.4999566972255707
1898	DB02838	0.4999563992023468
1702	DB13931	0.4999557435512543
4191	DB06937	0.49995508790016174
2901	DB08322	0.49995478987693787
64	DB07464	0.4999546408653259
1032	DB04231	0.4999544620513916
4070	DB05014	0.4999542236328125
2687	DB00276	0.4999540448188782
4419	DB03651	0.4999537765979767
1491	DB01628	0.4999534785747528
5989	DB04097	0.49995332956314087
5487	DB01911	0.49995318055152893
1272	DB04214	0.4999527633190155
4975	DB04738	0.4999512732028961
173	DB05785	0.49995124340057373
528	DB07305	0.49995094537734985
1455	DB07921	0.49995043873786926
2660	DB06680	0.4999503791332245
5123	DB00933	0.4999503195285797
5100	DB05449	0.49995023012161255
5063	DB05095	0.4999498426914215
2661	DB07180	0.49994954466819763
5296	DB00841	0.49994945526123047
2614	DB02600	0.499949187040329
5410	DB04824	0.4999491274356842
6458	DB03120	0.4999489486217499
4318	DB00612	0.4999488890171051
468	DB03346	0.4999488294124603
111	DB09245	0.49994850158691406
2321	DB02796	0.4999484717845917
3122	DB05336	0.49994757771492004
2683	DB00744	0.4999474883079529
267	DB11641	0.499947190284729
2274	DB07391	0.49994686245918274
2754	DB02860	0.4999467730522156
5576	DB08881	0.49994656443595886
3259	DB03264	0.4999465048313141
566	DB03360	0.49994319677352905
400	DB00088	0.4999431073665619
2547	DB02065	0.4999423921108246
1949	DB07673	0.4999423623085022
5215	DB04586	0.49994203448295593
5319	DB03189	0.49994197487831116
959	DB01165	0.49994170665740967
6381	DB00157	0.49994054436683655
2336	DB04938	0.4999401569366455
2722	DB11186	0.4999399185180664
3954	DB06641	0.49993935227394104
129	DB03075	0.4999384880065918
5804	DB06469	0.499938428401947
6168	DB01034	0.4999379515647888
5664	DB06794	0.4999374449253082
974	DB04105	0.49993714690208435
6065	DB01649	0.4999367892742157
51	DB04285	0.4999365508556366
6678	DB05883	0.49993589520454407
6261	DB03154	0.4999353289604187
3190	DB00762	0.4999352693557739
404	DB03048	0.49993520975112915
5352	DB07243	0.4999343156814575
2407	DB08439	0.4999338388442993
5672	DB14529	0.4999333620071411
7223	DB00776	0.49993324279785156
7182	DB05120	0.49993282556533813
2784	DB13872	0.49993252754211426
2489	DB06492	0.4999324083328247
5279	DB11767	0.49993234872817993
6395	DB00896	0.49993228912353516
6718	DB07022	0.4999319314956665
5419	DB01609	0.4999312162399292
6917	DB09162	0.4999309480190277
923	DB07468	0.49993014335632324
5219	DB03005	0.49993008375167847
1690	DB02162	0.4999300539493561
3051	DB03840	0.4999299943447113
5836	DB01821	0.4999299943447113
4194	DB03802	0.49992823600769043
7058	DB02137	0.4999278485774994
2572	DB03495	0.49992766976356506
7305	DB00992	0.49992746114730835
3749	DB12582	0.49992698431015015
1095	DB04862	0.4999261796474457
1007	DB07985	0.49992597103118896
5694	DB00140	0.49992597103118896
4464	DB04147	0.499925822019577
3440	DB06994	0.4999242126941681
3494	DB03498	0.4999236762523651
3956	DB01239	0.4999231696128845
2554	DB07351	0.49992266297340393
6526	DB07503	0.4999222755432129
3983	DB13956	0.4999205470085144
2160	DB07146	0.49991968274116516
4232	DB01099	0.4999192953109741
4091	DB07811	0.49991896748542786
2193	DB03217	0.49991893768310547
861	DB00449	0.49991849064826965
6578	_DB_AA	0.49991822242736816
4345	DB13139	0.499918133020401
607	DB14641	0.4999174177646637
6496	DB07947	0.49991604685783386
4529	DB05407	0.4999159276485443
152	DB04392	0.49991580843925476
1773	DB01842	0.49991506338119507
2849	DB07145	0.4999145567417145
4073	DB01581	0.49991437792778015
2232	DB04084	0.4999142289161682
6855	DB03405	0.4999137222766876
3575	DB04821	0.49991360306739807
6990	DB00780	0.49991345405578613
1400	DB02909	0.49991336464881897
1955	DB06855	0.4999132454395294
2185	DB00558	0.49991315603256226
5895	DB03280	0.4999130964279175
3632	DB07571	0.4999117851257324
3236	DB01231	0.4999116063117981
6724	DB04627	0.4999115765094757
2603	DB05012	0.49991124868392944
4724	DB03999	0.49991095066070557
2349	DB07293	0.4999103546142578
4977	DB08949	0.4999103546142578
4867	DB08019	0.4999091625213623
2250	DB08396	0.4999087452888489
1478	DB07044	0.4999087452888489
62	DB08146	0.4999086558818817
5213	DB08098	0.4999080300331116
6630	DB01940	0.49990662932395935
2329	DB06663	0.49990662932395935
3228	DB06902	0.49990659952163696
1303	DB04030	0.4999065697193146
6238	DB00447	0.499906450510025
3903	DB02942	0.49990594387054443
1251	DB01381	0.4999053478240967
3745	DB06927	0.499904990196228
2462	DB06800	0.4999040961265564
2420	DB02598	0.4999033510684967
2947	DB02431	0.4999029040336609
7097	DB03062	0.4999029040336609
3848	DB14066	0.4999028742313385
3465	DB04840	0.49990275502204895
5362	DB08743	0.49990227818489075
4482	DB07758	0.49990224838256836
3747	DB08828	0.49990200996398926
7063	DB07906	0.4999009668827057
6380	DB01643	0.49990007281303406
1672	DB07859	0.4998999834060669
7147	DB03753	0.49989983439445496
5004	DB02406	0.49989932775497437
2688	DB09460	0.4998992085456848
3434	DB07400	0.4998991787433624
3892	DB04307	0.49989891052246094
1556	DB12825	0.499898761510849
2820	DB03044	0.499898761510849
5383	DB05838	0.4998984932899475
1444	DB07482	0.4998983144760132
7220	DB01837	0.49989786744117737
2616	DB07713	0.499897837638855
2307	DB11582	0.49989762902259827
6360	DB07298	0.4998961091041565
3516	DB06896	0.49989500641822815
7141	DB04009	0.4998934268951416
2294	DB03195	0.4998932182788849
7116	DB07795	0.49989116191864014
7160	DB07290	0.4998905658721924
6268	DB02778	0.49989041686058044
5329	DB00422	0.49989011883735657
1662	DB07830	0.49989011883735657
3930	DB06709	0.4998898208141327
4730	DB01126	0.4998893737792969
6020	DB04619	0.4998890459537506
574	DB03588	0.49988871812820435
1802	DB02711	0.4998883306980133
3938	DB04250	0.49988609552383423
6551	DB11986	0.4998858571052551
3920	DB05607	0.49988535046577454
689	DB12340	0.4998849928379059
4607	DB01115	0.4998839795589447
3767	DB04811	0.49988389015197754
5453	DB03259	0.4998830556869507
1742	DB05220	0.49988242983818054
7211	DB03785	0.49988213181495667
2456	DB09033	0.4998820722103119
4578	DB02085	0.49988123774528503
3404	DB09140	0.4998806118965149
583	DB03321	0.49988046288490295
3557	DB06421	0.49988028407096863
3870	DB06016	0.4998794198036194
5103	DB05200	0.4998781681060791
3234	_DB_Cinanserin	0.4998779892921448
5318	DB00893	0.4998767673969269
5719	DB08248	0.4998762011528015
5455	DB02787	0.49987608194351196
2096	DB00001	0.49987515807151794
4660	DB14068	0.4998748302459717
2528	DB08156	0.4998747408390045
5196	DB07099	0.49987471103668213
2594	DB05202	0.49987372756004333
6712	DB00675	0.4998732805252075
1963	DB00002	0.49987295269966125
3505	DB06775	0.49987271428108215
6934	DB03887	0.4998721778392792
964	DB02624	0.4998719096183777
878	DB04514	0.4998718202114105
5883	DB11362	0.4998714327812195
5754	DB11148	0.4998709261417389
609	DB00758	0.4998708665370941
2315	DB00009	0.49987077713012695
1120	DB08053	0.4998706579208374
3337	DB02062	0.49987050890922546
5156	DB03169	0.49987009167671204
1596	DB07206	0.49986928701400757
204	DB08649	0.4998672306537628
4095	DB06933	0.49986714124679565
6141	DB08777	0.4998668134212494
8	DB01961	0.4998660385608673
456	DB08435	0.49986574053764343
4129	DB08246	0.4998655319213867
1505	DB06240	0.499864786863327
2330	DB13720	0.49986425042152405
3429	DB01818	0.49986371397972107
2651	DB11081	0.4998634159564972
819	DB06914	0.4998631477355957
5632	DB01154	0.49986255168914795
4423	DB12555	0.4998621344566345
3136	DB05969	0.49986162781715393
1755	DB08424	0.49986061453819275
2879	DB04575	0.49986040592193604
629	DB08517	0.49986034631729126
1440	DB09216	0.4998599588871002
590	DB08539	0.4998598098754883
5609	DB03791	0.4998585879802704
3703	DB06184	0.499858021736145
6263	DB07852	0.49985751509666443
175	DB01220	0.49985718727111816
4958	DB03919	0.499856561422348
1450	DB00237	0.49985650181770325
2381	DB04109	0.49985578656196594
1379	DB15488	0.49985527992248535
5809	DB12110	0.49985119700431824
130	DB03182	0.4998502731323242
1805	DB12128	0.49984925985336304
6363	DB08095	0.4998491108417511
3617	DB09225	0.4998481571674347
994	DB02189	0.49984753131866455
5391	DB01985	0.49984702467918396
2503	DB02723	0.4998469352722168
5227	DB03350	0.49984684586524963
4017	DB05084	0.49984583258628845
3141	DB02332	0.49984556436538696
2129	DB08190	0.49984511733055115
1004	DB03600	0.49984484910964966
4908	DB04194	0.4998445510864258
2535	DB02028	0.4998433589935303
649	DB04772	0.49984195828437805
3781	DB08621	0.4998413920402527
4049	DB04135	0.49984097480773926
390	DB03970	0.49984079599380493
1905	DB04753	0.49984002113342285
6324	DB00074	0.49983924627304077
161	DB02320	0.49983924627304077
3666	DB07563	0.49983763694763184
7256	DB08145	0.4998372197151184
2159	DB11064	0.49983686208724976
2147	DB04322	0.49983423948287964
2133	DB08895	0.499833345413208
4106	DB06486	0.49983325600624084
69	DB07521	0.4998326301574707
836	DB02373	0.49983033537864685
5612	DB02368	0.4998302757740021
4024	DB08597	0.4998299479484558
1873	DB04336	0.4998292922973633
4083	DB02268	0.4998292028903961
5889	DB04328	0.49982813000679016
2473	DB04872	0.49982786178588867
6919	DB08547	0.4998272955417633
7185	DB03989	0.4998272657394409
4315	DB07944	0.49982622265815735
4872	DB03608	0.4998261630535126
6066	DB03428	0.4998260736465454
3895	DB07918	0.4998238682746887
546	DB05424	0.4998231828212738
2486	DB03504	0.49982282519340515
7169	DB07720	0.4998224675655365
5770	DB08463	0.49982091784477234
936	DB01342	0.4998207986354828
3154	DB02985	0.49982061982154846
575	DB02434	0.4998203217983246
7261	DB02424	0.4998190701007843
5304	DB07426	0.4998188018798828
1545	DB05513	0.4998171329498291
4487	DB02061	0.49981677532196045
4171	DB07664	0.4998161196708679
3699	DB06923	0.49981510639190674
79	DB08846	0.49981430172920227
762	DB13953	0.4998140037059784
6665	DB07645	0.4998135268688202
796	DB04452	0.4998132586479187
2103	DB08046	0.49981316924095154
6472	DB00221	0.49981263279914856
5379	DB04261	0.4998125731945038
2833	DB07079	0.4998118579387665
6823	DB03499	0.49980998039245605
5506	DB08228	0.499809592962265
971	DB08451	0.4998094439506531
113	DB01738	0.49980708956718445
6676	DB09352	0.4998067319393158
5977	DB05032	0.4998064339160919
2577	DB02292	0.499805212020874
4516	DB00717	0.4998049736022949
3680	DB11584	0.49980464577674866
2945	DB06503	0.499803364276886
2257	DB09244	0.49980196356773376
5311	DB08575	0.49980029463768005
3839	DB00206	0.4997999370098114
2036	DB03274	0.49979981780052185
791	DB08653	0.49979934096336365
2906	DB03253	0.49979841709136963
3120	DB08741	0.49979695677757263
1322	DB09092	0.4997963011264801
2477	DB02421	0.49979591369628906
6115	DB04929	0.49979573488235474
5943	DB01728	0.499794602394104
3280	DB07927	0.49979445338249207
5825	DB03842	0.4997933506965637
603	DB03788	0.4997932016849518
4794	DB08233	0.4997927248477936
3232	DB03635	0.49979254603385925
820	DB02977	0.49979251623153687
3506	DB03836	0.4997923970222473
4386	DB00331	0.4997914433479309
4959	DB14041	0.49979138374328613
3957	DB04645	0.49979090690612793
2706	DB04883	0.49979081749916077
1210	DB08265	0.49979066848754883
3620	DB00320	0.49978962540626526
4201	DB04264	0.4997895658016205
3835	DB05451	0.49978935718536377
5654	DB08675	0.49978917837142944
5130	DB01657	0.49978888034820557
5729	DB02908	0.4997886121273041
7119	DB04199	0.49978765845298767
4823	DB00332	0.49978765845298767
2692	DB08583	0.4997875392436981
2325	DB05192	0.4997868537902832
1533	DB00566	0.49978673458099365
2530	DB08008	0.4997866749763489
765	DB00974	0.4997866451740265
5127	DB05072	0.4997864365577698
1253	DB02658	0.49978622794151306
3788	DB04385	0.49978575110435486
3515	DB00747	0.499784380197525
3065	DB08775	0.4997842013835907
621	DB09144	0.4997839629650116
5031	DB07462	0.4997837245464325
5235	DB04618	0.4997834861278534
2192	DB11580	0.49978339672088623
4636	DB09119	0.4997829794883728
3075	DB07537	0.4997825622558594
4048	DB05971	0.49978142976760864
4360	DB01133	0.49978119134902954
3024	DB07183	0.4997806251049042
931	DB04632	0.4997806251049042
6548	DB04719	0.4997805953025818
3626	DB01671	0.4997805058956146
6656	DB04765	0.4997798800468445
3613	DB00354	0.4997798800468445
3187	DB13192	0.4997798502445221
4281	DB04658	0.4997779130935669
5571	DB05495	0.4997778534889221
2447	DB01858	0.49977681040763855
4101	DB03181	0.4997767210006714
2643	DB04736	0.49977657198905945
5479	DB04769	0.49977603554725647
5824	DB12965	0.49977579712867737
1634	DB02802	0.49977564811706543
659	DB06422	0.4997748136520386
6891	DB01592	0.499774694442749
1359	DB07557	0.4997742176055908
3356	DB04472	0.4997732937335968
1854	DB06866	0.4997726082801819
5193	DB06850	0.49977168440818787
4843	DB07341	0.49977147579193115
6468	DB08507	0.4997707009315491
2524	DB11996	0.49977025389671326
6164	DB08694	0.49976950883865356
4278	DB04048	0.4997684955596924
81	DB08327	0.4997684359550476
2995	DB03773	0.49976733326911926
4768	DB01227	0.49976691603660583
5449	_DB_TA	0.49976664781570435
3152	DB09496	0.4997657835483551
6118	DB02103	0.4997654855251312
4758	DB08617	0.49976521730422974
665	DB06350	0.4997648596763611
4298	DB04553	0.49976420402526855
6530	DB06908	0.4997636079788208
5408	DB00397	0.49976348876953125
1183	DB00836	0.4997634291648865
5175	DB08015	0.49976208806037903
6877	DB01193	0.4997608959674835
6804	DB04162	0.4997608959674835
6207	DB00023	0.4997588098049164
5047	DB08136	0.499758780002594
31	DB04622	0.4997582733631134
3485	DB09333	0.4997576177120209
6144	DB05077	0.4997573494911194
4954	DB00342	0.49975717067718506
6728	DB06834	0.4997570514678955
5610	DB04033	0.49975642561912537
4586	DB05070	0.49975496530532837
5006	DB08383	0.49975326657295227
5657	DB12742	0.4997526705265045
5331	DB03628	0.49975264072418213
4137	DB03817	0.49975118041038513
423	DB03077	0.49975040555000305
3531	DB09401	0.4997500479221344
6	DB01194	0.4997479319572449
5850	DB03708	0.4997473955154419
3931	DB07937	0.4997471272945404
6160	DB01212	0.49974632263183594
5490	DB06724	0.4997461438179016
6921	DB03564	0.49974504113197327
1970	DB01252	0.49974480271339417
3794	DB02115	0.499744713306427
4096	DB07233	0.4997444450855255
6901	DB07602	0.49974414706230164
640	DB01069	0.4997432827949524
1169	DB03603	0.4997432231903076
3521	DB04790	0.4997425973415375
3653	DB03034	0.4997424781322479
4025	DB05134	0.4997420012950897
6400	DB07510	0.4997413158416748
272	DB03233	0.49974095821380615
5276	DB08283	0.4997408390045166
5259	DB06948	0.4997400939464569
3724	DB13932	0.4997399151325226
5669	DB02856	0.4997396767139435
4891	DB08431	0.4997395873069763
3183	DB08063	0.49973946809768677
2518	DB03137	0.49973878264427185
2165	DB00041	0.49973782896995544
1617	DB05369	0.4997372627258301
3272	DB06237	0.4997371733188629
5792	DB03574	0.49973681569099426
4689	DB03660	0.4997352063655853
3470	DB08754	0.4997348487377167
4005	DB09114	0.4997345507144928
6084	DB04798	0.49973374605178833
4904	DB06311	0.4997330605983734
6758	DB00653	0.49973249435424805
4944	DB11737	0.49973249435424805
6282	DB03905	0.4997314512729645
507	DB09050	0.4997311532497406
3707	DB08407	0.49973052740097046
309	DB12301	0.4997303783893585
5242	DB08862	0.49973028898239136
2202	DB02834	0.499729722738266
995	DB08622	0.4997294843196869
4364	DB01545	0.499727725982666
106	DB08690	0.49972695112228394
2748	DB06905	0.4997262954711914
1602	DB02717	0.4997256398200989
3000	DB08909	0.49972495436668396
1537	DB04446	0.4997248947620392
5774	DB01307	0.49972474575042725
1968	DB06642	0.49972352385520935
2993	DB03219	0.49972304701805115
1941	DB03201	0.49972233176231384
5867	DB01242	0.4997219443321228
804	DB04209	0.4997209310531616
1360	DB06725	0.49972081184387207
831	DB12328	0.4997205138206482
1668	DB04781	0.4997181296348572
4912	DB02041	0.49971744418144226
3145	DB03597	0.4997170865535736
3208	DB07313	0.4997164011001587
7170	DB02945	0.49971604347229004
3203	DB02587	0.49971500039100647
6457	DB06938	0.4997139275074005
7264	DB08469	0.49971380829811096
4391	DB05001	0.4997137784957886
237	DB02676	0.49971288442611694
2619	DB01661	0.4997122883796692
3926	DB09110	0.4997105598449707
5409	DB02340	0.4997102618217468
4519	DB01948	0.4997101128101349
2328	DB01338	0.4997091293334961
1188	DB11811	0.49970895051956177
3159	DB02968	0.4997069835662842
1994	DB01676	0.4997066557407379
5013	DB09223	0.49970656633377075
5248	DB02770	0.4997057020664215
356	DB08165	0.4997052252292633
4075	DB13781	0.4997050166130066
5885	DB04464	0.49970492720603943
3240	DB04039	0.4997044503688812
2188	DB01431	0.4997040033340454
3112	DB06446	0.49970299005508423
1494	DB07977	0.49970296025276184
1160	DB00912	0.49970194697380066
4588	DB07719	0.4997016489505768
4393	_DB_Griffithsin	0.49970096349716187
696	DB01902	0.4997003972530365
4145	DB07086	0.49969977140426636
1102	DB07362	0.499699205160141
6936	DB02515	0.49969834089279175
6463	DB03383	0.4996982216835022
4945	DB08365	0.49969813227653503
676	DB07364	0.49969765543937683
2458	DB06898	0.4996975362300873
1897	DB02305	0.49969682097435
2400	DB08060	0.4996955692768097
4120	DB09241	0.4996941089630127
2005	DB13940	0.4996921420097351
5278	DB07434	0.4996916651725769
3592	DB14002	0.4996908903121948
4149	DB04630	0.49969083070755005
2724	DB02585	0.49969032406806946
1239	DB02079	0.4996902346611023
5801	DB02733	0.49968984723091125
1187	DB03552	0.4996894598007202
851	DB09535	0.499688982963562
4857	DB05254	0.49968859553337097
7268	DB01016	0.4996874928474426
378	DB13869	0.49968716502189636
2267	DB03695	0.4996870756149292
7076	DB07193	0.49968603253364563
307	DB03223	0.499684602022171
3418	DB02101	0.4996834993362427
3886	DB14042	0.4996826946735382
3160	DB04988	0.4996822774410248
3702	DB00432	0.49968090653419495
5815	DB03896	0.4996803402900696
5475	DB02198	0.4996801018714905
4209	DB08544	0.49967992305755615
1804	DB04590	0.4996791481971741
5053	DB05736	0.49967876076698303
915	DB07443	0.49967798590660095
2466	DB06972	0.4996775984764099
1426	DB13044	0.499676913022995
2411	DB00820	0.4996756315231323
1453	DB00769	0.49967560172080994
3887	DB01197	0.4996739625930786
4421	DB02928	0.4996737837791443
2868	DB02314	0.49967339634895325
1624	DB00170	0.499673068523407
6448	DB06241	0.4996728301048279
5206	DB08718	0.4996725022792816
6830	DB14004	0.49967247247695923
5029	DB02789	0.49967196583747864
3871	DB02831	0.4996693432331085
5501	DB03317	0.4996691346168518
6933	DB04407	0.49966877698898315
1907	DB00082	0.49966827034950256
2445	DB07028	0.49966806173324585
7024	DB07073	0.4996671676635742
4401	DB12465	0.49966666102409363
5163	DB04461	0.4996654689311981
6086	DB08753	0.49966374039649963
1665	DB07605	0.4996621906757355
7237	DB06155	0.4996621310710907
2697	DB00451	0.4996616840362549
1204	DB00055	0.49966126680374146
1013	DB01429	0.4996604919433594
5177	DB03127	0.49965953826904297
5507	DB01991	0.49965864419937134
934	DB08292	0.49965783953666687
2137	DB04051	0.4996562898159027
4012	DB03500	0.49965569376945496
2279	DB03104	0.49965566396713257
242	DB08897	0.49965548515319824
2736	DB07495	0.4996550977230072
1630	DB02912	0.499654084444046
713	DB14731	0.49965378642082214
3574	DB02166	0.4996527433395386
2252	DB04272	0.49965256452560425
4180	DB00412	0.49965161085128784
63	DB14033	0.49964872002601624
3508	DB00636	0.4996482729911804
44	DB07842	0.4996480643749237
1675	DB08797	0.4996461570262909
5484	DB04839	0.4996461272239685
4388	DB03150	0.49964484572410583
7117	DB12163	0.4996446371078491
3096	DB02465	0.4996413588523865
1167	DB07606	0.4996408522129059
6512	DB00687	0.49964040517807007
5380	DB07766	0.4996388554573059
5247	DB14490	0.49963733553886414
1945	DB00381	0.4996365010738373
6559	DB01073	0.49963536858558655
667	DB05428	0.49963414669036865
4955	DB04919	0.49963316321372986
5717	DB04886	0.4996321201324463
7132	DB12445	0.49963051080703735
6006	DB00245	0.49962690472602844
6519	DB00217	0.49962684512138367
4004	DB05879	0.499626487493515
2778	DB03939	0.49962562322616577
431	DB08000	0.4996246099472046
4930	DB07217	0.49962449073791504
57	DB01345	0.49962422251701355
3778	DB06840	0.49962419271469116
5032	DB08689	0.499624103307724
4775	DB00642	0.4996239244937897
6660	DB01353	0.4996221959590912
1719	DB05421	0.4996184706687927
4795	DB07590	0.4996175765991211
19	DB07597	0.4996110200881958
5085	DB04125	0.49961045384407043
4225	DB02407	0.4996086359024048
159	DB08489	0.4996083676815033
622	DB00227	0.49960824847221375
5608	DB09054	0.4996047914028168
6735	DB01365	0.499604195356369
4506	DB08712	0.4996034801006317
7140	DB02565	0.4996030628681183
2281	_DB_grl0617	0.4996029734611511
5870	DB00134	0.49960067868232727
1718	DB07776	0.4995993375778198
3379	DB08663	0.4995992183685303
4749	DB02456	0.49959826469421387
3786	DB01393	0.49959596991539
6831	DB09211	0.49959513545036316
6256	DB01767	0.49959301948547363
4592	DB02907	0.4995928704738617
53	DB07860	0.4995920956134796
5566	DB05087	0.49959203600883484
1077	DB04975	0.49959203600883484
6677	DB00773	0.4995889663696289
6731	DB01392	0.4995879530906677
3333	DB00097	0.49958762526512146
2107	DB07976	0.49958696961402893
2732	DB03585	0.4995868504047394
217	DB02872	0.4995853304862976
4819	DB04282	0.49958497285842896
3257	DB08525	0.4995803236961365
2988	DB11915	0.4995802938938141
4172	DB02321	0.49958011507987976
417	DB07445	0.4995776414871216
3865	DB01352	0.49957600235939026
2504	DB01630	0.4995713233947754
3584	DB03419	0.4995710551738739
6299	DB04258	0.49956977367401123
4239	DB06694	0.4995693862438202
496	DB00189	0.4995693266391754
2293	DB07738	0.4995685815811157
5909	DB06853	0.4995673894882202
6203	DB07354	0.4995652139186859
3800	DB01877	0.49956414103507996
1073	DB02122	0.49956339597702026
7040	DB08839	0.4995625615119934
4785	DB01181	0.4995605945587158
3473	DB04525	0.4995596408843994
6534	DB00876	0.49955329298973083
660	DB03531	0.49955296516418457
3199	DB00047	0.49955224990844727
5542	DB01018	0.499549925327301
3654	DB08306	0.4995483458042145
7008	DB08541	0.4995470643043518
5297	DB00834	0.49954497814178467
4339	DB03570	0.49954384565353394
2059	DB01419	0.499542772769928
5714	DB07045	0.4995426833629608
6375	DB01097	0.49954238533973694
6611	DB03619	0.4995419979095459
6506	DB07529	0.49953970313072205
2915	DB08064	0.49953439831733704
1512	DB00682	0.4995327591896057
5779	DB06750	0.499532014131546
202	DB03415	0.4995303452014923
944	DB06780	0.49953001737594604
188	DB04165	0.4995298683643341
2608	DB01933	0.49952933192253113
1485	DB00202	0.4995262324810028
2242	DB01844	0.4995259940624237
7003	DB03041	0.499525785446167
1248	DB02900	0.49952200055122375
4404	DB03781	0.49952173233032227
5701	DB00700	0.49951961636543274
5741	DB01164	0.4995182454586029
962	DB00286	0.49951767921447754
1658	DB00824	0.49951598048210144
227	DB01937	0.49951496720314026
5854	DB04120	0.49950698018074036
5137	DB01098	0.49950575828552246
6052	DB02905	0.4995015859603882
7333	DB03959	0.49950090050697327
3281	DB01306	0.49949952960014343
842	DB00400	0.4994993507862091
3644	DB01647	0.49949678778648376
4774	DB06982	0.49949100613594055
6419	DB04490	0.49948909878730774
847	DB02535	0.49948737025260925
3078	DB07302	0.49948668479919434
1132	DB03611	0.4994836151599884
1985	DB08750	0.4994814693927765
625	DB13954	0.4994790852069855
5407	DB03736	0.4994789958000183
502	DB04379	0.4994785785675049
535	DB04296	0.4994770288467407
2464	DB07899	0.499474436044693
6737	DB14754	0.49947381019592285
6277	DB02832	0.49947237968444824
6029	DB00645	0.49947065114974976
6928	DB08760	0.4994705319404602
805	DB06819	0.49947020411491394
3361	DB01029	0.49946656823158264
3022	DB00644	0.4994661808013916
910	DB02053	0.4994630217552185
883	DB06372	0.49946194887161255
4673	DB07431	0.4994617998600006
1874	DB04215	0.499459832906723
7262	DB03325	0.49945950508117676
742	DB07542	0.49945926666259766
5822	DB08776	0.49945691227912903
2715	DB12159	0.4994548261165619
2586	DB06712	0.4994479715824127
2421	DB00125	0.4994468092918396
5775	DB09079	0.49944591522216797
2054	DB07497	0.49944376945495605
3627	DB05024	0.49944111704826355
4752	DB00851	0.4994351267814636
3793	DB00978	0.499432772397995
4524	DB01501	0.49942946434020996
1107	DB00666	0.4994267225265503
3857	_DB_bufalin	0.49942612648010254
1083	DB04521	0.49942266941070557
2370	DB07038	0.49942174553871155
3891	DB00571	0.49942144751548767
5805	DB01633	0.4994205832481384
4831	DB06764	0.499418705701828
5648	DB11855	0.4994160532951355
1914	DB00926	0.49941307306289673
1703	DB06011	0.49940696358680725
6546	DB00711	0.49940603971481323
7149	DB08139	0.49940428137779236
683	DB12518	0.49939820170402527
2684	DB01906	0.4993933439254761
982	DB08899	0.49939262866973877
3563	DB03250	0.49939095973968506
2841	DB06243	0.49938955903053284
1256	DB00677	0.49938878417015076
3385	DB00373	0.499373197555542
4817	DB06605	0.4993652403354645
5008	DB07484	0.4993616044521332
2102	DB00816	0.499361515045166
167	DB04522	0.49936097860336304
451	DB06715	0.49935972690582275
2826	DB00387	0.4993583858013153
6379	DB02798	0.4993428885936737
857	DB08731	0.4993373453617096
6433	DB08882	0.4993322789669037
2869	DB04653	0.4993234872817993
3095	DB07115	0.4993191063404083
728	DB00117	0.49931031465530396
5879	DB05390	0.4993080198764801
5859	DB07051	0.49930059909820557
920	DB00641	0.49929675459861755
881	DB02966	0.49928557872772217
5120	DB02530	0.49928364157676697
277	DB15250	0.4992784857749939
2052	DB01238	0.4992784261703491
346	DB04946	0.49926409125328064
1244	DB06216	0.49926191568374634
1443	DB00063	0.4992576241493225
1206	DB09555	0.4992519021034241
3898	DB00263	0.499239444732666
1920	DB00988	0.499237596988678
2286	DB03032	0.499233603477478
1790	DB07646	0.49922752380371094
4344	DB00627	0.4992242157459259
394	DB04786	0.4991941750049591
2881	DB01401	0.49918755888938904
4168	DB03668	0.4991689920425415
154	DB00985	0.49916815757751465
5068	DB00964	0.4991619288921356
5786	DB00643	0.49915236234664917
1858	DB00158	0.49914103746414185
3945	DB04967	0.4991404414176941
6300	DB07748	0.49913135170936584
2810	DB03844	0.49912723898887634
4804	DB06335	0.4991143047809601
4410	DB00787	0.4990902245044708
4920	DB06207	0.4990837574005127
2173	DB00111	0.4990786910057068
1493	DB08815	0.4990726113319397
7299	DB00695	0.49899202585220337
4471	DB00479	0.49898359179496765
6301	DB01013	0.49897322058677673
6502	DB01416	0.49895015358924866
1952	DB04911	0.498901903629303
6993	DB01039	0.498822420835495
3678	DB00279	0.498740017414093
5460	DB00760	0.4987279176712036
2341	DB01064	0.4987163841724396
6082	DB06691	0.4986417889595032
4330	DB00730	0.49837666749954224
162	DB00493	0.49818941950798035
5705	DB06756	0.4981299340724945
3142	DB01015	0.4972461462020874
