DB04029	0
DB08749	1
DB00327	2
DB01667	3
DB07857	4
DB00944	5
DB01925	6
DB07858	7
DB08864	8
DB01104	9
DB03057	10
DB08574	11
DB07874	12
DB03248	13
DB08548	14
DB01723	15
DB05252	16
DB08778	17
DB03788	18
DB09241	19
DB00523	20
DB07430	21
DB06021	22
_DB_grl0617	23
DB14185	24
DB01056	25
DB07916	26
DB09061	27
DB02382	28
DB05420	29
DB00059	30
DB07183	31
DB07208	32
DB02778	33
DB07220	34
DB07468	35
DB02743	36
DB13191	37
DB06840	38
DB09281	39
DB09039	40
DB07887	41
DB04723	42
DB00036	43
DB05228	44
DB00320	45
DB08934	46
DB11130	47
DB03699	48
DB03974	49
DB00745	50
DB02761	51
DB02530	52
DB06043	53
DB01681	54
DB00482	55
DB08745	56
DB05518	57
DB09110	58
DB03319	59
DB00572	60
DB00408	61
DB00981	62
DB02177	63
DB01026	64
DB03341	65
DB14738	66
DB13948	67
DB13902	68
DB04277	69
DB04872	70
DB11642	71
DB11155	72
DB08811	73
DB05890	74
DB07272	75
DB08351	76
DB04169	77
DB04679	78
DB07074	79
DB01038	80
DB03157	81
DB04681	82
DB02271	83
DB14533	84
DB00340	85
DB06281	86
DB01083	87
DB07153	88
DB01246	89
DB02630	90
DB08514	91
DB01766	92
DB09149	93
DB08398	94
DB08751	95
DB08804	96
DB01069	97
DB02962	98
DB04470	99
DB05540	100
DB07944	101
DB06204	102
DB01217	103
DB02813	104
DB02092	105
DB12001	106
DB04317	107
DB03299	108
DB00766	109
DB01280	110
DB04653	111
DB08506	112
DB11952	113
DB11235	114
DB02302	115
DB07391	116
DB07363	117
DB06480	118
DB12119	119
DB13878	120
DB04729	121
DB06612	122
DB12702	123
DB02730	124
DB08541	125
DB04647	126
DB02162	127
DB06710	128
DB02075	129
DB06245	130
DB04560	131
DB00430	132
DB08783	133
DB07162	134
DB07413	135
DB00786	136
DB01134	137
DB08995	138
DB05913	139
DB01481	140
DB07493	141
DB08767	142
DB06194	143
DB08936	144
DB02509	145
DB03504	146
DB00769	147
DB05488	148
DB00154	149
DB07704	150
DB07918	151
DB06080	152
DB06451	153
DB07190	154
DB06780	155
DB08836	156
DB03846	157
DB04845	158
DB06070	159
DB03891	160
DB00780	161
DB01078	162
DB02821	163
DB00316	164
DB06594	165
DB15625	166
DB03571	167
DB00607	168
DB07726	169
DB05931	170
DB04346	171
DB05253	172
DB05309	173
DB08320	174
DB11611	175
DB08265	176
DB03654	177
DB07881	178
DB01227	179
DB07016	180
DB01918	181
DB07793	182
DB03995	183
DB13751	184
DB00670	185
DB05706	186
DB03389	187
DB14002	188
DB07703	189
DB07765	190
DB07132	191
DB11660	192
DB06814	193
DB00307	194
DB11614	195
DB02367	196
DB04062	197
DB01897	198
DB03289	199
DB07748	200
DB02883	201
DB01353	202
DB11113	203
DB02300	204
DB07079	205
DB09211	206
DB02016	207
DB03073	208
DB00852	209
DB03077	210
DB08615	211
DB03176	212
DB02043	213
DB01220	214
DB09275	215
DB07253	216
DB03191	217
DB05004	218
DB14065	219
DB04549	220
DB00774	221
DB06728	222
DB05317	223
DB04571	224
DB06879	225
DB00145	226
DB07137	227
DB00914	228
DB06495	229
DB01085	230
DB01416	231
DB07882	232
DB05744	233
DB00818	234
DB08536	235
DB00544	236
DB05507	237
DB04380	238
DB05282	239
DB00602	240
DB06636	241
DB02112	242
DB06168	243
DB06785	244
DB00850	245
DB09266	246
DB02948	247
DB00960	248
DB00192	249
DB10770	250
DB01250	251
DB00497	252
DB08539	253
DB08561	254
DB07558	255
DB02953	256
DB07454	257
DB09296	258
DB02609	259
DB07110	260
DB12095	261
DB01921	262
DB11496	263
DB08368	264
DB03491	265
DB02942	266
DB00496	267
DB04835	268
DB02134	269
DB08310	270
DB03570	271
DB08093	272
DB03179	273
DB02620	274
DB08254	275
DB09472	276
DB07629	277
DB02898	278
DB08476	279
DB04349	280
DB05968	281
_DB_gammaglobulin	282
DB08932	283
DB04586	284
DB08272	285
DB06097	286
DB04262	287
DB02148	288
DB01064	289
DB03041	290
DB01338	291
DB00753	292
DB07500	293
DB08522	294
DB05374	295
DB12500	296
DB01608	297
DB06880	298
DB06877	299
DB03574	300
DB06506	301
DB08419	302
DB04426	303
DB07536	304
DB07354	305
DB07205	306
DB00870	307
DB01436	308
DB02108	309
DB07286	310
DB03359	311
DB08608	312
DB03448	313
DB09276	314
DB01325	315
DB01055	316
DB04439	317
DB08087	318
DB01702	319
DB02890	320
DB07006	321
DB06268	322
DB06098	323
DB08618	324
DB03083	325
DB05984	326
DB03158	327
DB05024	328
DB02195	329
DB02142	330
DB00645	331
DB00533	332
DB01917	333
DB06258	334
DB06734	335
DB06174	336
DB02269	337
DB08333	338
DB03836	339
DB01603	340
DB02992	341
DB06976	342
DB11757	343
DB06999	344
DB01882	345
DB11148	346
DB11186	347
DB07571	348
DB05562	349
DB06494	350
DB08472	351
DB03535	352
DB08508	353
DB02918	354
DB15570	355
DB01340	356
DB07759	357
DB05044	358
DB07754	359
DB06255	360
DB03892	361
DB00884	362
DB02951	363
DB07830	364
DB01009	365
DB07990	366
DB07299	367
DB07424	368
DB13877	369
DB01110	370
DB02767	371
DB08976	372
DB05490	373
DB07590	374
DB03595	375
DB04252	376
DB07318	377
DB08071	378
DB05345	379
DB03986	380
DB03399	381
DB00854	382
DB04004	383
DB02210	384
DB02811	385
DB00508	386
DB08005	387
DB00784	388
DB02402	389
DB03644	390
DB08607	391
DB03664	392
DB14751	393
DB02014	394
DB01327	395
DB12845	396
DB04745	397
DB00047	398
DB08894	399
DB02565	400
DB07809	401
DB02287	402
DB00547	403
DB00900	404
DB04085	405
DB07587	406
DB02930	407
DB00191	408
DB05110	409
DB02710	410
DB03686	411
DB01164	412
DB05088	413
DB01877	414
DB04664	415
DB03756	416
DB08465	417
DB08602	418
DB04035	419
DB00108	420
DB07058	421
DB01054	422
DB07443	423
DB02371	424
DB00384	425
DB00565	426
DB00812	427
DB03611	428
DB05073	429
DB14518	430
DB09286	431
DB08617	432
DB06201	433
DB06366	434
DB11635	435
DB08949	436
DB03186	437
DB03973	438
DB04253	439
DB04942	440
DB08256	441
DB08757	442
DB06923	443
_DB_CT	444
DB01303	445
DB06468	446
DB00923	447
DB08232	448
DB08045	449
DB03022	450
DB00220	451
DB00613	452
DB04624	453
DB08096	454
DB03321	455
DB08909	456
DB00024	457
DB07393	458
DB07965	459
DB11367	460
DB03172	461
DB00188	462
DB05452	463
DB06857	464
DB08588	465
DB00726	466
DB04064	467
DB12307	468
DB03219	469
DB05407	470
DB02114	471
DB08057	472
DB05049	473
DB06216	474
DB07234	475
DB03964	476
DB01001	477
DB02091	478
DB02787	479
DB06719	480
DB05509	481
DB02119	482
DB00110	483
DB00478	484
DB07792	485
DB04433	486
DB03174	487
DB03346	488
DB07447	489
DB00732	490
DB07221	491
DB01213	492
DB07398	493
DB04594	494
DB05085	495
DB05421	496
DB12465	497
DB02959	498
DB08227	499
DB05892	500
DB06698	501
DB05387	502
DB06599	503
DB04007	504
DB06789	505
DB08623	506
DB06229	507
DB00649	508
DB00117	509
DB05268	510
DB07522	511
DB00573	512
DB00678	513
DB13144	514
DB01834	515
DB03335	516
DB08321	517
DB07769	518
DB03258	519
DB01954	520
DB04307	521
DB02833	522
DB08020	523
DB04530	524
DB03453	525
DB01093	526
DB02062	527
DB02220	528
DB01558	529
DB02721	530
DB02192	531
DB00104	532
DB05806	533
DB05712	534
DB00439	535
DB09225	536
DB05290	537
DB03472	538
DB03233	539
DB08606	540
DB04889	541
DB08693	542
DB06246	543
DB02901	544
DB13873	545
DB03832	546
DB08260	547
DB02183	548
DB01098	549
DB01779	550
DB03421	551
DB01142	552
DB07903	553
DB07320	554
DB01796	555
DB06830	556
DB14512	557
DB07813	558
DB01718	559
DB03455	560
DB07862	561
DB09499	562
DB06237	563
DB03506	564
DB06374	565
DB07786	566
DB04526	567
DB03159	568
DB00603	569
DB03254	570
DB03380	571
DB07222	572
DB02063	573
DB03631	574
DB05276	575
DB01604	576
DB08160	577
DB05679	578
DB08688	579
DB01915	580
DB02021	581
DB07381	582
DB04662	583
DB03801	584
DB00149	585
DB05559	586
DB04579	587
DB07922	588
DB07834	589
DB03376	590
DB06811	591
DB07423	592
DB01966	593
DB08147	594
DB02829	595
DB03935	596
DB04442	597
DB06287	598
DB03980	599
DB01210	600
DB03745	601
DB07640	602
DB01829	603
DB00868	604
DB11300	605
DB00817	606
DB06190	607
DB01378	608
DB02048	609
DB05442	610
DB02991	611
DB09289	612
_DB_grl0667	613
DB12026	614
DB05468	615
DB08286	616
DB02789	617
DB00251	618
DB09016	619
DB03882	620
DB06350	621
DB08900	622
DB03300	623
DB05198	624
DB00283	625
DB07001	626
DB07996	627
DB04269	628
DB08001	629
DB00782	630
DB00351	631
DB01273	632
DB03379	633
DB06317	634
DB04485	635
DB00364	636
DB02121	637
DB03492	638
DB07301	639
DB00511	640
DB02809	641
DB13615	642
DB05429	643
DB00711	644
DB03894	645
DB03887	646
DB08883	647
DB11328	648
DB06926	649
DB01788	650
DB02504	651
DB00899	652
DB06940	653
DB09539	654
DB01254	655
DB02970	656
DB07902	657
DB06191	658
DB04905	659
DB04087	660
DB04104	661
DB06203	662
DB03461	663
DB01988	664
DB00673	665
DB03141	666
DB05461	667
DB01841	668
DB02492	669
DB08589	670
DB00177	671
DB11569	672
DB04311	673
DB08906	674
DB00828	675
DB00319	676
DB03156	677
DB07507	678
DB06402	679
DB00360	680
DB08326	681
DB01194	682
DB04194	683
DB02292	684
DB05262	685
DB07535	686
DB04003	687
DB02910	688
DB02427	689
DB08497	690
DB01919	691
DB00156	692
DB02184	693
DB03635	694
DB08510	695
DB00720	696
DB06716	697
DB04801	698
DB09083	699
DB12872	700
DB07524	701
DB04552	702
DB00706	703
DB11327	704
DB06211	705
DB00029	706
DB01409	707
DB06273	708
DB04796	709
DB04622	710
DB04299	711
DB03292	712
DB01956	713
DB13994	714
DB08493	715
DB07193	716
DB01149	717
DB07080	718
DB00263	719
DB03911	720
DB03777	721
DB02766	722
DB06827	723
DB04512	724
DB02689	725
DB04275	726
DB00308	727
DB06176	728
DB01422	729
DB07030	730
DB08299	731
DB08079	732
DB05412	733
DB13955	734
DB07746	735
DB01548	736
DB00248	737
DB01158	738
DB02467	739
DB07670	740
DB07091	741
DB03783	742
DB09099	743
DB08391	744
DB08029	745
DB05111	746
DB04089	747
DB00648	748
DB11560	749
DB06075	750
DB00989	751
DB04696	752
DB03607	753
DB08505	754
DB09069	755
DB08245	756
DB00148	757
DB02677	758
DB04474	759
DB03226	760
DB05885	761
DB07258	762
DB03889	763
DB08464	764
DB08175	765
DB12941	766
DB05739	767
DB08822	768
DB01821	769
DB00609	770
DB00234	771
DB02353	772
DB00619	773
DB03251	774
DB06891	775
DB08547	776
DB00139	777
DB03173	778
DB07662	779
DB00617	780
DB02823	781
DB07659	782
DB11081	783
DB01370	784
DB03942	785
DB08140	786
DB00918	787
DB07568	788
DB01598	789
DB03702	790
DB00425	791
DB00103	792
DB06870	793
DB04041	794
DB00858	795
DB13140	796
DB08737	797
DB00233	798
DB03984	799
DB08591	800
DB13951	801
DB12140	802
DB03340	803
DB13954	804
DB01306	805
DB09123	806
DB01022	807
DB12130	808
DB04196	809
DB08495	810
DB05470	811
DB03017	812
DB00180	813
DB08406	814
DB08258	815
DB01922	816
DB11093	817
DB07594	818
DB08880	819
DB04322	820
DB07642	821
DB02984	822
DB02952	823
DB01889	824
DB09510	825
DB01778	826
DB04627	827
DB02335	828
DB08443	829
DB07170	830
DB00018	831
DB02190	832
DB03811	833
DB00172	834
DB04975	835
DB01616	836
DB04472	837
DB05042	838
DB03038	839
DB03481	840
DB07811	841
DB00976	842
DB03440	843
DB09013	844
DB06929	845
DB02153	846
DB02078	847
DB00554	848
DB08187	849
DB01888	850
DB01910	851
DB05479	852
DB07242	853
DB01160	854
DB02802	855
DB06813	856
DB01008	857
DB00125	858
DB01728	859
DB05010	860
DB07607	861
DB01973	862
DB00265	863
DB02873	864
DB03350	865
DB00741	866
DB03739	867
DB00975	868
DB05943	869
DB05460	870
DB09570	871
DB08826	872
DB02332	873
DB05796	874
DB00620	875
DB01397	876
DB05266	877
DB01581	878
DB08507	879
DB02120	880
DB00985	881
DB05033	882
DB07595	883
DB00785	884
DB03288	885
DB03603	886
DB09104	887
DB01144	888
DB05260	889
DB07739	890
DB05797	891
DB04246	892
DB01166	893
DB12271	894
DB03209	895
DB06090	896
DB00049	897
DB08515	898
DB11590	899
DB12285	900
DB04282	901
DB07187	902
DB00601	903
DB04176	904
DB07974	905
DB00733	906
DB04351	907
DB01265	908
DB03252	909
DB07755	910
DB00835	911
DB09213	912
DB05147	913
DB08382	914
DB03464	915
DB02333	916
DB12483	917
DB03064	918
DB00453	919
DB08551	920
DB01053	921
DB03629	922
DB04881	923
DB06393	924
DB04324	925
DB05166	926
DB06140	927
DB05009	928
DB08360	929
DB05217	930
DB07026	931
DB02966	932
DB05920	933
DB02303	934
DB06046	935
DB07078	936
DB07559	937
DB08303	938
DB00750	939
DB14498	940
DB00805	941
DB04213	942
DB00429	943
DB05311	944
DB04974	945
DB06314	946
DB02450	947
DB03325	948
DB00727	949
DB01057	950
DB02600	951
DB02517	952
DB02949	953
DB06510	954
DB07605	955
DB11674	956
DB01068	957
DB00086	958
DB03164	959
DB04036	960
DB05432	961
DB01173	962
DB03475	963
DB03844	964
DB00173	965
DB01433	966
DB08923	967
DB03196	968
DB08865	969
DB11942	970
DB08123	971
DB06674	972
DB06292	973
DB01430	974
DB13875	975
DB00218	976
DB06964	977
DB03753	978
DB08168	979
DB11365	980
DB04053	981
DB04631	982
DB08435	983
DB09421	984
DB02563	985
DB06823	986
DB04895	987
DB03708	988
DB03117	989
DB00586	990
DB04037	991
DB12332	992
DB05194	993
DB03556	994
DB04672	995
DB07616	996
DB09212	997
DB02425	998
DB01420	999
DB04871	1000
DB08340	1001
DB08642	1002
DB04173	1003
DB02477	1004
DB00941	1005
DB01946	1006
DB02223	1007
DB00916	1008
DB03850	1009
DB03311	1010
DB03790	1011
DB02670	1012
DB08661	1013
DB09300	1014
DB00412	1015
DB03499	1016
DB04798	1017
DB02107	1018
DB06868	1019
DB06824	1020
DB02647	1021
DB07007	1022
DB08777	1023
DB00659	1024
DB02635	1025
DB07859	1026
DB09568	1027
DB05013	1028
DB01200	1029
DB08094	1030
DB03866	1031
DB07719	1032
DB08620	1033
DB04736	1034
DB03308	1035
DB07743	1036
DB08520	1037
DB07465	1038
DB08542	1039
DB03813	1040
DB03932	1041
DB02805	1042
DB05467	1043
DB07256	1044
DB01106	1045
DB08576	1046
DB03142	1047
DB06773	1048
DB07090	1049
DB04342	1050
DB02393	1051
DB08890	1052
DB06345	1053
DB05501	1054
DB01756	1055
DB07452	1056
DB02857	1057
DB05191	1058
DB02668	1059
DB08361	1060
DB07569	1061
DB03660	1062
DB01709	1063
DB13867	1064
DB03722	1065
DB02964	1066
DB07495	1067
DB03614	1068
DB02790	1069
DB06077	1070
DB02641	1071
DB03451	1072
DB09220	1073
DB01736	1074
DB04125	1075
DB02362	1076
DB08492	1077
DB04371	1078
DB04496	1079
DB13919	1080
DB01082	1081
DB02967	1082
DB00635	1083
DB07685	1084
DB04248	1085
DB04021	1086
DB03736	1087
DB07979	1088
DB05201	1089
DB02725	1090
DB00627	1091
DB08348	1092
DB08059	1093
DB03231	1094
DB02383	1095
DB00969	1096
DB08322	1097
DB02077	1098
DB03999	1099
DB07660	1100
DB00935	1101
DB02973	1102
DB04063	1103
DB07198	1104
DB07432	1105
DB02067	1106
DB00273	1107
DB00841	1108
DB05944	1109
DB06969	1110
DB02846	1111
DB06978	1112
DB08698	1113
DB02490	1114
DB04551	1115
DB02222	1116
DB07702	1117
DB06196	1118
DB05210	1119
DB09125	1120
DB01394	1121
DB05996	1122
DB06663	1123
DB09363	1124
DB02902	1125
DB00328	1126
DB04398	1127
DB02229	1128
DB02431	1129
DB15271	1130
DB05204	1131
DB11937	1132
DB03501	1133
DB00228	1134
DB02588	1135
DB07935	1136
DB11588	1137
DB00783	1138
DB14543	1139
DB03013	1140
DB04119	1141
DB06367	1142
DB07941	1143
DB03336	1144
DB02422	1145
DB00186	1146
DB04893	1147
DB03042	1148
DB06360	1149
DB02355	1150
DB06825	1151
DB00674	1152
DB06422	1153
DB08318	1154
DB05115	1155
DB02933	1156
DB08632	1157
DB01298	1158
DB04137	1159
DB00160	1160
DB04365	1161
DB02267	1162
DB08774	1163
DB09302	1164
DB04071	1165
DB02306	1166
DB13893	1167
DB11582	1168
DB00640	1169
DB07673	1170
DB01425	1171
DB02606	1172
DB09525	1173
DB06145	1174
DB00813	1175
DB03672	1176
DB00272	1177
DB07560	1178
DB07802	1179
DB08690	1180
DB08760	1181
DB01901	1182
DB09485	1183
DB02205	1184
DB12141	1185
DB04133	1186
DB06781	1187
DB04334	1188
DB05932	1189
DB00147	1190
DB14019	1191
DB03854	1192
DB04466	1193
DB02518	1194
DB03651	1195
DB05134	1196
DB14707	1197
DB00730	1198
DB07419	1199
DB04628	1200
DB09409	1201
DB12329	1202
DB00710	1203
DB09166	1204
DB04789	1205
DB05578	1206
DB07003	1207
DB02945	1208
DB01605	1209
DB05667	1210
DB07707	1211
DB04593	1212
DB01123	1213
DB01607	1214
DB04516	1215
DB02681	1216
DB01003	1217
DB05060	1218
DB04080	1219
DB00222	1220
DB04657	1221
DB02598	1222
DB07217	1223
DB00290	1224
DB04779	1225
DB01969	1226
DB07917	1227
DB06127	1228
DB05098	1229
DB03061	1230
DB07405	1231
DB03435	1232
DB06412	1233
DB07425	1234
DB02097	1235
DB01678	1236
DB08106	1237
DB02069	1238
DB02934	1239
DB05327	1240
DB01410	1241
DB06937	1242
DB03090	1243
DB00473	1244
DB06589	1245
DB09274	1246
DB06921	1247
DB06324	1248
DB09085	1249
DB00498	1250
DB00650	1251
DB06549	1252
DB14146	1253
DB05165	1254
DB02981	1255
DB03814	1256
DB00363	1257
DB00959	1258
DB08755	1259
DB11324	1260
DB02473	1261
DB02870	1262
DB05484	1263
DB11278	1264
DB09031	1265
DB03856	1266
DB08209	1267
DB00707	1268
DB03849	1269
DB00763	1270
DB01870	1271
DB05428	1272
DB07236	1273
DB12061	1274
DB07833	1275
DB03154	1276
DB06691	1277
DB02020	1278
DB04767	1279
DB00317	1280
DB05271	1281
DB06820	1282
DB02666	1283
DB07772	1284
DB06144	1285
DB03171	1286
DB01893	1287
DB02719	1288
DB05831	1289
DB04878	1290
DB04957	1291
DB04884	1292
DB00971	1293
DB08023	1294
DB03802	1295
DB05091	1296
DB08328	1297
DB07069	1298
DB08535	1299
DB07457	1300
DB07387	1301
DB04820	1302
DB06584	1303
DB01223	1304
DB02068	1305
DB03690	1306
DB01231	1307
DB12147	1308
DB00067	1309
DB06266	1310
DB00281	1311
DB08771	1312
DB03902	1313
DB04238	1314
DB07785	1315
DB07355	1316
DB02207	1317
DB00242	1318
DB02543	1319
DB04555	1320
DB00675	1321
DB11988	1322
DB08676	1323
DB01167	1324
DB04787	1325
DB06783	1326
DB05967	1327
DB03363	1328
DB05337	1329
DB05422	1330
DB02843	1331
DB01611	1332
DB08550	1333
DB09033	1334
DB02895	1335
DB01550	1336
DB04397	1337
DB02680	1338
DB00028	1339
DB02529	1340
DB08780	1341
DB08423	1342
DB11949	1343
DB00892	1344
DB07783	1345
DB00466	1346
DB00245	1347
DB13192	1348
DB03862	1349
DB03695	1350
DB06986	1351
DB01028	1352
DB04138	1353
DB03912	1354
DB07482	1355
DB07771	1356
DB05766	1357
DB09051	1358
DB03841	1359
DB13346	1360
DB12379	1361
DB01565	1362
DB00268	1363
DB08601	1364
DB14517	1365
DB07167	1366
DB08378	1367
DB01817	1368
DB07555	1369
DB08931	1370
DB11892	1371
_DB_GS-441524	1372
DB12116	1373
DB00846	1374
DB04541	1375
DB02657	1376
DB06262	1377
DB01755	1378
DB03763	1379
DB04126	1380
DB05455	1381
DB02447	1382
DB01419	1383
DB02255	1384
DB01062	1385
DB04739	1386
DB09140	1387
DB00660	1388
DB03698	1389
DB00937	1390
DB07038	1391
DB08397	1392
DB08399	1393
DB00240	1394
DB12278	1395
DB01185	1396
DB00671	1397
DB02309	1398
DB00656	1399
DB13154	1400
DB02722	1401
DB03798	1402
DB09089	1403
DB07668	1404
DB06503	1405
DB07803	1406
DB00883	1407
DB07067	1408
DB07235	1409
DB08085	1410
DB07920	1411
DB03539	1412
DB04505	1413
DB08356	1414
DB03147	1415
DB02106	1416
DB01600	1417
DB03115	1418
DB03242	1419
DB03206	1420
DB09280	1421
DB00409	1422
DB08048	1423
DB12248	1424
DB03680	1425
DB08032	1426
DB11830	1427
DB12670	1428
DB03918	1429
DB02082	1430
DB09555	1431
DB08341	1432
DB06050	1433
DB05133	1434
DB02555	1435
DB06897	1436
DB12070	1437
DB03462	1438
DB01929	1439
DB07021	1440
DB04988	1441
DB07371	1442
DB07647	1443
DB01583	1444
DB11541	1445
DB02553	1446
DB08062	1447
DB06271	1448
DB04067	1449
DB07066	1450
DB07650	1451
DB04753	1452
DB05458	1453
DB04356	1454
DB01019	1455
DB08732	1456
DB04172	1457
DB03626	1458
DB02132	1459
DB03120	1460
DB02624	1461
DB05713	1462
DB12153	1463
DB07832	1464
DB02278	1465
DB07502	1466
DB00593	1467
DB08813	1468
DB15566	1469
DB00546	1470
DB02480	1471
DB04970	1472
DB08354	1473
DB02403	1474
DB07219	1475
DB05416	1476
DB08030	1477
DB00183	1478
DB07111	1479
DB05032	1480
DB04258	1481
DB07206	1482
DB09299	1483
DB08445	1484
DB02755	1485
DB02871	1486
DB07244	1487
DB08411	1488
DB03210	1489
DB03609	1490
DB12128	1491
DB00200	1492
DB00481	1493
DB02285	1494
DB00792	1495
DB01219	1496
DB02366	1497
DB02979	1498
DB01245	1499
DB05284	1500
DB04733	1501
DB04296	1502
DB06643	1503
DB04689	1504
DB03067	1505
DB14515	1506
DB13901	1507
DB00337	1508
DB07486	1509
DB03495	1510
DB02143	1511
DB03434	1512
DB04347	1513
DB08078	1514
DB01013	1515
DB00668	1516
DB04099	1517
DB03104	1518
DB04620	1519
DB03298	1520
DB00017	1521
DB04643	1522
DB00721	1523
DB07583	1524
DB04463	1525
DB09290	1526
DB00904	1527
DB05662	1528
DB02281	1529
DB03381	1530
DB02400	1531
DB01356	1532
DB14059	1533
DB06083	1534
DB05938	1535
DB01271	1536
DB07736	1537
DB00608	1538
DB01401	1539
DB01427	1540
DB11580	1541
DB02317	1542
DB09173	1543
DB01563	1544
DB08933	1545
DB03507	1546
DB07004	1547
DB08191	1548
DB09257	1549
DB01820	1550
DB04141	1551
DB08801	1552
DB02178	1553
DB02088	1554
DB02561	1555
DB03809	1556
DB00353	1557
DB00980	1558
DB01971	1559
DB04651	1560
DB06288	1561
DB03717	1562
DB03643	1563
DB09118	1564
DB09333	1565
DB02665	1566
DB02315	1567
DB00162	1568
DB03223	1569
DB05239	1570
DB03721	1571
DB04054	1572
DB05889	1573
DB07352	1574
DB04330	1575
DB07380	1576
DB03711	1577
DB01580	1578
DB03962	1579
DB08655	1580
DB00772	1581
DB05624	1582
DB02770	1583
DB06356	1584
DB08053	1585
DB06039	1586
DB03772	1587
DB07883	1588
DB09053	1589
DB14490	1590
DB03180	1591
DB05245	1592
DB04839	1593
DB02379	1594
DB02783	1595
DB01825	1596
DB09047	1597
DB05542	1598
DB07794	1599
DB00019	1600
DB04680	1601
DB08879	1602
DB04195	1603
DB04293	1604
DB07243	1605
DB08119	1606
DB05465	1607
DB08392	1608
DB08907	1609
DB01968	1610
DB03181	1611
DB02201	1612
DB05014	1613
DB08911	1614
DB00142	1615
DB08202	1616
DB04676	1617
DB07890	1618
DB07444	1619
DB01967	1620
DB01872	1621
DB08839	1622
DB11986	1623
DB00157	1624
DB02818	1625
DB05936	1626
DB07338	1627
DB06290	1628
DB01452	1629
DB02198	1630
DB00966	1631
DB02258	1632
DB07292	1633
DB07999	1634
DB13978	1635
DB00501	1636
DB07816	1637
DB00127	1638
DB04731	1639
DB01375	1640
DB01337	1641
DB06771	1642
DB08740	1643
DB06927	1644
DB07839	1645
DB01248	1646
DB02671	1647
DB05382	1648
DB04521	1649
DB14575	1650
DB03444	1651
DB07095	1652
DB03757	1653
DB01537	1654
DB00120	1655
DB08519	1656
DB08247	1657
DB06689	1658
DB00138	1659
DB01753	1660
DB03439	1661
DB02535	1662
DB01090	1663
DB08274	1664
DB04537	1665
DB06335	1666
DB14042	1667
DB06987	1668
DB02693	1669
DB08358	1670
DB09496	1671
DB08684	1672
DB01232	1673
DB04489	1674
DB04162	1675
DB01079	1676
DB03688	1677
DB08902	1678
DB08334	1679
DB00871	1680
DB11320	1681
DB04585	1682
DB07125	1683
DB08163	1684
DB06415	1685
DB05264	1686
DB02929	1687
DB02147	1688
DB01774	1689
DB07031	1690
DB02669	1691
DB08486	1692
DB02908	1693
DB03062	1694
DB03950	1695
DB03735	1696
DB07161	1697
DB02646	1698
DB07394	1699
DB07905	1700
DB07344	1701
DB00898	1702
DB04352	1703
DB03224	1704
DB00015	1705
DB13146	1706
DB14012	1707
DB04566	1708
DB12555	1709
DB00994	1710
DB13150	1711
DB04941	1712
DB11973	1713
DB00803	1714
DB07900	1715
DB03663	1716
DB09049	1717
DB05714	1718
DB07671	1719
DB07632	1720
DB08941	1721
DB00174	1722
DB14538	1723
DB08407	1724
DB03487	1725
DB02498	1726
DB03488	1727
DB04715	1728
DB00958	1729
DB02215	1730
DB05879	1731
DB00984	1732
DB06247	1733
DB05084	1734
DB07382	1735
DB07008	1736
DB11672	1737
DB00418	1738
DB01737	1739
DB04210	1740
DB09126	1741
DB13345	1742
DB02346	1743
DB03731	1744
DB00998	1745
DB04272	1746
DB05254	1747
DB05398	1748
DB03202	1749
DB05161	1750
DB02168	1751
DB05080	1752
DB02115	1753
DB07914	1754
DB14700	1755
DB00513	1756
DB02433	1757
DB07033	1758
DB03818	1759
DB04795	1760
DB00661	1761
_DB_Cinanserin	1762
DB02515	1763
DB06794	1764
DB01354	1765
DB03569	1766
DB00415	1767
DB04257	1768
DB07665	1769
DB07847	1770
DB08503	1771
DB00612	1772
DB08339	1773
DB01329	1774
DB02616	1775
DB06162	1776
DB03923	1777
DB04200	1778
DB00393	1779
DB01221	1780
DB00421	1781
DB01955	1782
DB06905	1783
DB07508	1784
DB05447	1785
DB08408	1786
DB08105	1787
DB07365	1788
DB14507	1789
DB00435	1790
DB01146	1791
DB08125	1792
DB08568	1793
DB00443	1794
DB07464	1795
DB13173	1796
DB08159	1797
DB03268	1798
DB01640	1799
DB03581	1800
DB03528	1801
DB02337	1802
DB06995	1803
DB01920	1804
DB04803	1805
DB07970	1806
DB06844	1807
DB04842	1808
DB06873	1809
DB01361	1810
DB08820	1811
DB00882	1812
DB09075	1813
DB02773	1814
DB02855	1815
DB03500	1816
DB01569	1817
DB01835	1818
DB06736	1819
DB07369	1820
DB04669	1821
DB05478	1822
DB03065	1823
DB11160	1824
DB07639	1825
DB00639	1826
DB02464	1827
DB02249	1828
DB03760	1829
DB08530	1830
DB01828	1831
DB07470	1832
DB07617	1833
DB05417	1834
DB11156	1835
DB00368	1836
DB07967	1837
DB08403	1838
DB06154	1839
DB08673	1840
DB03771	1841
DB04302	1842
DB00734	1843
DB08517	1844
DB02445	1845
DB04339	1846
DB07596	1847
DB07102	1848
DB11601	1849
DB05423	1850
DB05369	1851
DB03053	1852
DB08479	1853
DB03792	1854
DB01545	1855
DB01754	1856
DB07860	1857
DB01454	1858
DB09371	1859
DB08153	1860
DB02463	1861
DB04665	1862
DB01029	1863
DB04604	1864
DB06184	1865
DB02562	1866
DB02348	1867
DB07764	1868
DB02296	1869
DB03205	1870
DB05930	1871
DB07499	1872
DB09108	1873
DB01403	1874
DB06693	1875
DB02968	1876
DB00204	1877
DB07692	1878
DB08930	1879
DB02486	1880
DB07995	1881
DB08393	1882
DB04271	1883
DB08164	1884
DB01760	1885
DB02728	1886
DB00789	1887
DB03101	1888
DB07622	1889
DB07784	1890
DB00543	1891
DB07308	1892
DB15328	1893
DB09283	1894
DB02652	1895
DB03138	1896
DB07105	1897
DB07988	1898
DB00032	1899
DB06779	1900
DB00009	1901
DB00534	1902
DB03352	1903
DB08006	1904
DB11136	1905
DB03615	1906
DB05321	1907
DB13074	1908
DB04574	1909
DB07687	1910
DB07492	1911
DB02395	1912
DB08210	1913
DB03652	1914
DB00873	1915
DB08927	1916
DB04738	1917
DB00869	1918
DB00552	1919
DB01602	1920
DB00277	1921
DB11641	1922
DB11823	1923
DB02798	1924
DB07042	1925
DB08217	1926
DB00578	1927
DB01349	1928
DB02087	1929
DB00097	1930
DB01808	1931
DB04660	1932
DB00591	1933
DB04838	1934
DB01240	1935
DB08922	1936
DB00011	1937
DB00580	1938
DB08350	1939
DB02860	1940
DB06894	1941
DB00942	1942
DB08629	1943
DB06884	1944
DB01120	1945
DB03078	1946
DB02239	1947
DB03301	1948
DB04268	1949
DB00424	1950
DB00736	1951
DB00373	1952
DB05224	1953
DB08611	1954
DB08672	1955
DB03627	1956
DB08050	1957
DB02164	1958
DB06726	1959
DB08338	1960
DB07946	1961
DB07049	1962
DB08697	1963
DB07643	1964
DB07319	1965
DB02039	1966
DB01297	1967
DB01959	1968
DB07456	1969
DB04075	1970
DB01800	1971
DB01005	1972
DB01586	1973
DB01002	1974
DB01708	1975
DB08336	1976
DB07203	1977
DB04649	1978
DB08610	1979
DB11623	1980
DB00589	1981
DB07180	1982
DB14033	1983
DB07978	1984
DB00198	1985
DB07046	1986
DB04164	1987
DB01857	1988
DB08622	1989
DB12228	1990
DB04714	1991
DB00798	1992
DB07164	1993
DB13930	1994
DB07284	1995
DB07207	1996
DB02772	1997
DB04074	1998
DB00144	1999
DB02030	2000
DB08450	2001
DB05383	2002
DB03349	2003
DB08882	2004
DB00527	2005
DB03597	2006
DB04661	2007
DB13953	2008
DB08073	2009
DB15488	2010
DB02507	2011
DB02744	2012
DB05752	2013
DB07040	2014
DB14060	2015
DB04416	2016
DB04481	2017
DB07950	2018
DB07983	2019
DB01619	2020
DB08143	2021
DB06957	2022
DB07000	2023
DB07148	2024
DB04499	2025
DB08193	2026
DB04800	2027
DB07751	2028
DB00085	2029
DB00107	2030
DB00379	2031
DB00025	2032
DB07599	2033
DB00713	2034
DB04834	2035
DB06972	2036
DB07973	2037
DB04359	2038
DB07479	2039
DB04473	2040
DB05476	2041
DB01668	2042
DB07815	2043
DB07298	2044
DB03151	2045
DB07135	2046
DB07588	2047
DB00831	2048
DB08653	2049
DB08935	2050
DB01852	2051
DB08814	2052
DB13170	2053
DB01170	2054
DB07072	2055
DB07778	2056
DB01833	2057
DB04254	2058
DB05039	2059
DB02541	2060
DB06202	2061
DB00199	2062
DB03863	2063
DB01997	2064
DB13983	2065
DB07949	2066
DB03727	2067
DB00432	2068
DB00928	2069
DB13158	2070
DB03331	2071
DB03479	2072
DB03116	2073
DB08044	2074
DB07958	2075
DB07646	2076
DB08219	2077
DB02152	2078
DB03134	2079
DB02633	2080
DB02360	2081
DB04256	2082
DB02909	2083
DB07123	2084
DB12339	2085
DB07528	2086
DB06185	2087
DB01758	2088
DB05050	2089
DB04105	2090
DB00302	2091
DB01742	2092
DB09091	2093
DB04152	2094
DB06973	2095
DB07084	2096
DB04058	2097
DB04301	2098
DB03095	2099
DB09143	2100
DB02593	2101
DB03342	2102
DB02339	2103
DB04891	2104
DB02188	2105
DB07395	2106
DB07562	2107
DB05205	2108
DB04241	2109
DB05457	2110
DB09287	2111
DB06903	2112
DB00311	2113
DB09564	2114
DB04404	2115
DB04615	2116
_DB_ASC09	2117
DB01207	2118
DB01731	2119
DB02510	2120
DB00387	2121
DB07156	2122
DB04230	2123
DB06376	2124
DB07059	2125
DB00723	2126
DB00091	2127
DB01664	2128
DB11596	2129
DB04632	2130
DB00229	2131
DB03428	2132
DB01224	2133
DB08788	2134
DB00832	2135
DB01346	2136
DB08917	2137
DB08118	2138
DB04861	2139
DB00683	2140
DB03222	2141
DB04360	2142
DB04381	2143
DB00352	2144
DB05301	2145
DB08008	2146
DB12240	2147
DB02340	2148
DB07516	2149
DB07345	2150
DB07233	2151
DB04917	2152
DB06444	2153
DB08366	2154
DB01435	2155
DB01895	2156
DB02786	2157
DB04616	2158
DB05824	2159
DB00677	2160
DB02368	2161
DB06579	2162
DB05332	2163
DB05299	2164
DB02054	2165
DB08761	2166
DB02736	2167
DB01399	2168
DB00938	2169
DB02776	2170
DB02955	2171
DB06477	2172
DB07259	2173
DB05793	2174
DB02266	2175
DB06832	2176
DB03385	2177
DB00169	2178
DB03048	2179
DB02328	2180
DB00267	2181
DB03081	2182
DB04844	2183
DB01048	2184
DB03273	2185
DB01881	2186
DB02094	2187
DB12825	2188
DB03619	2189
DB00300	2190
DB03830	2191
DB02941	2192
DB01858	2193
DB01466	2194
DB04825	2195
DB14068	2196
DB06016	2197
DB13894	2198
DB04368	2199
DB04564	2200
DB11761	2201
DB01497	2202
DB03069	2203
DB08402	2204
DB01109	2205
DB11613	2206
DB07195	2207
DB03015	2208
DB05961	2209
DB04121	2210
DB04671	2211
DB14010	2212
DB04482	2213
DB07966	2214
DB05255	2215
DB07384	2216
DB00684	2217
DB00075	2218
DB00470	2219
DB02899	2220
DB04508	2221
DB00576	2222
DB07635	2223
DB01692	2224
DB04716	2225
_DB_E-64d	2226
DB00033	2227
DB05022	2228
DB00126	2229
DB06970	2230
DB05389	2231
DB03947	2232
DB08363	2233
DB02875	2234
DB08504	2235
DB05087	2236
DB00112	2237
DB00737	2238
DB07098	2239
DB08549	2240
DB00347	2241
DB06717	2242
DB03746	2243
DB07762	2244
DB03088	2245
DB06837	2246
DB07906	2247
DB07302	2248
DB03687	2249
DB04478	2250
DB05146	2251
DB09317	2252
DB14754	2253
DB00765	2254
DB07837	2255
DB08056	2256
DB01878	2257
DB01412	2258
DB03075	2259
DB02221	2260
DB04050	2261
DB08009	2262
DB06217	2263
DB00686	2264
DB00600	2265
DB04570	2266
DB00401	2267
DB07028	2268
DB13899	2269
DB08230	2270
DB01791	2271
DB05404	2272
DB01157	2273
DB00343	2274
DB02451	2275
DB00773	2276
DB02453	2277
DB07215	2278
DB07247	2279
DB07147	2280
DB04331	2281
DB01081	2282
DB01262	2283
DB01627	2284
DB03748	2285
DB05472	2286
DB07032	2287
DB08061	2288
DB11571	2289
DB08554	2290
DB08593	2291
DB08708	2292
DB00932	2293
DB09292	2294
DB04065	2295
DB00336	2296
DB02098	2297
DB05459	2298
DB06901	2299
DB01609	2300
DB02548	2301
DB01139	2302
DB04851	2303
DB07889	2304
DB00026	2305
DB06967	2306
DB03237	2307
DB08531	2308
DB11755	2309
DB04103	2310
DB00423	2311
DB00486	2312
DB04775	2313
DB01830	2314
DB07124	2315
DB06660	2316
DB03085	2317
DB05630	2318
DB00518	2319
DB04208	2320
DB08016	2321
DB00836	2322
DB01762	2323
DB07070	2324
DB11584	2325
DB00876	2326
DB07601	2327
DB08532	2328
DB01124	2329
DB00567	2330
DB09245	2331
DB03723	2332
DB04260	2333
DB11799	2334
DB00888	2335
DB03945	2336
DB08015	2337
DB08173	2338
DB02090	2339
DB07711	2340
DB06486	2341
DB02446	2342
DB00939	2343
DB02155	2344
DB04510	2345
DB05897	2346
DB04009	2347
DB01251	2348
DB06888	2349
DB08035	2350
DB01440	2351
DB00270	2352
DB00804	2353
DB06732	2354
DB01807	2355
DB04610	2356
DB07975	2357
DB07779	2358
DB08145	2359
DB04958	2360
DB07997	2361
DB07158	2362
DB06861	2363
DB03109	2364
DB00816	2365
DB09084	2366
DB01688	2367
DB00431	2368
DB07626	2369
DB07542	2370
DB01058	2371
DB07663	2372
DB00323	2373
DB02560	2374
DB05487	2375
DB11996	2376
DB04592	2377
DB01902	2378
DB08571	2379
DB03490	2380
DB04444	2381
DB00118	2382
DB04273	2383
DB05386	2384
DB07669	2385
DB01727	2386
DB07845	2387
DB02008	2388
DB06899	2389
DB07289	2390
DB09270	2391
DB04743	2392
DB00093	2393
DB00477	2394
DB08782	2395
DB07714	2396
DB04638	2397
DB03270	2398
DB04154	2399
DB07863	2400
DB03989	2401
DB07512	2402
DB01182	2403
DB01234	2404
DB04123	2405
DB04910	2406
DB03129	2407
DB02885	2408
DB00924	2409
DB00704	2410
DB02994	2411
DB06932	2412
DB09029	2413
DB00912	2414
DB01937	2415
DB06774	2416
DB13503	2417
DB02421	2418
DB02401	2419
DB11217	2420
DB11274	2421
DB01179	2422
DB02774	2423
DB01175	2424
DB02659	2425
DB07199	2426
DB00221	2427
DB04372	2428
DB00880	2429
DB03232	2430
DB07466	2431
DB08799	2432
DB01172	2433
DB03345	2434
DB02749	2435
DB05104	2436
DB06936	2437
DB07710	2438
DB06614	2439
DB13164	2440
DB13161	2441
DB06860	2442
DB01252	2443
DB03313	2444
DB03008	2445
DB07564	2446
DB01357	2447
DB07652	2448
DB07434	2449
DB00261	2450
DB02406	2451
DB03326	2452
DB01075	2453
DB08896	2454
DB07901	2455
DB00797	2456
DB06817	2457
DB01986	2458
DB06212	2459
DB02762	2460
DB02032	2461
DB01873	2462
DB06447	2463
DB00332	2464
DB02905	2465
DB07831	2466
DB07329	2467
DB08240	2468
DB01783	2469
DB06715	2470
DB07204	2471
DB07263	2472
DB05511	2473
DB07766	2474
DB08135	2475
DB04774	2476
DB01285	2477
DB04769	2478
DB04366	2479
DB08675	2480
DB13988	2481
DB01190	2482
DB13179	2483
DB03636	2484
DB04005	2485
DB02133	2486
DB05229	2487
DB02131	2488
DB08772	2489
DB03916	2490
DB00166	2491
DB03645	2492
DB08190	2493
DB03522	2494
DB08733	2495
DB03297	2496
DB06756	2497
DB00279	2498
DB01647	2499
DB00475	2500
DB04081	2501
DB08881	2502
DB03987	2503
DB00833	2504
DB02896	2505
DB07879	2506
DB06826	2507
DB07664	2508
DB00226	2509
DB04214	2510
DB14530	2511
DB09028	2512
DB03937	2513
DB00219	2514
DB12377	2515
DB03476	2516
DB04898	2517
DB07335	2518
DB05336	2519
DB00665	2520
DB03897	2521
DB11201	2522
DB06515	2523
DB00592	2524
DB02602	2525
DB07073	2526
DB13943	2527
DB07940	2528
DB00459	2529
DB11157	2530
DB08266	2531
DB04761	2532
DB09020	2533
DB05116	2534
DB03005	2535
DB00549	2536
DB01629	2537
DB03425	2538
DB00168	2539
DB06637	2540
DB03194	2541
DB05109	2542
DB03759	2543
DB00354	2544
DB01815	2545
DB00849	2546
DB12129	2547
DB07678	2548
DB00286	2549
DB04001	2550
DB09512	2551
DB04039	2552
DB08895	2553
DB03628	2554
DB00698	2555
DB01646	2556
DB04938	2557
DB03808	2558
DB06587	2559
DB02321	2560
DB01111	2561
DB12789	2562
DB02251	2563
DB02418	2564
DB06859	2565
DB01703	2566
DB07861	2567
DB06990	2568
DB04394	2569
DB02493	2570
DB04777	2571
DB01017	2572
DB12565	2573
DB07232	2574
DB00282	2575
DB00718	2576
DB02160	2577
DB07310	2578
DB05528	2579
DB00878	2580
DB01675	2581
DB01699	2582
DB04407	2583
DB00633	2584
DB04066	2585
DB14488	2586
DB02661	2587
DB02592	2588
DB02573	2589
DB06469	2590
DB06148	2591
DB06951	2592
DB08704	2593
DB03670	2594
DB00299	2595
DB00314	2596
DB07305	2597
DB01042	2598
DB08762	2599
DB06959	2600
DB08787	2601
DB08081	2602
DB03633	2603
DB00082	2604
DB01095	2605
DB04588	2606
DB01169	2607
DB02779	2608
DB13914	2609
DB12731	2610
DB04374	2611
DB09207	2612
DB03834	2613
DB06983	2614
DB13931	2615
DB03278	2616
DB03697	2617
DB07121	2618
DB00301	2619
DB00048	2620
DB04115	2621
DB00189	2622
DB07252	2623
DB04250	2624
DB04553	2625
DB05304	2626
DB06766	2627
DB02276	2628
DB02294	2629
DB01089	2630
DB06652	2631
DB08383	2632
DB08636	2633
DB08426	2634
DB02214	2635
DB06712	2636
DB00768	2637
DB04741	2638
DB00697	2639
DB02636	2640
DB03878	2641
DB01856	2642
DB09112	2643
DB01761	2644
DB02628	2645
DB02801	2646
DB02637	2647
DB02758	2648
DB08562	2649
DB01174	2650
DB08711	2651
DB03374	2652
DB00982	2653
DB04648	2654
DB07808	2655
DB07274	2656
DB06997	2657
DB03589	2658
DB03382	2659
DB07732	2660
DB12589	2661
DB02794	2662
DB06749	2663
DB08122	2664
DB02911	2665
DB08805	2666
DB04151	2667
DB03103	2668
DB02104	2669
DB01138	2670
DB00051	2671
DB07177	2672
DB08984	2673
DB09067	2674
DB07313	2675
DB03371	2676
DB03925	2677
DB01295	2678
DB00566	2679
DB02259	2680
DB05391	2681
DB03988	2682
DB00973	2683
DB07294	2684
DB01666	2685
DB04218	2686
DB00569	2687
DB03577	2688
DB00114	2689
DB00318	2690
DB02594	2691
DB05514	2692
DB04554	2693
DB07574	2694
DB04983	2695
DB09006	2696
DB06711	2697
DB08910	2698
DB02233	2699
DB06911	2700
DB04419	2701
DB00977	2702
DB04020	2703
DB09144	2704
DB09037	2705
DB03100	2706
DB00405	2707
DB08424	2708
DB06695	2709
DB01255	2710
DB08893	2711
DB07009	2712
DB01242	2713
DB01396	2714
DB01191	2715
DB00046	2716
DB01444	2717
DB01597	2718
DB07598	2719
DB00647	2720
DB13025	2721
DB08731	2722
DB01380	2723
DB08482	2724
DB03033	2725
DB02065	2726
DB07054	2727
DB11606	2728
DB06081	2729
DB06481	2730
DB03201	2731
DB07653	2732
DB03585	2733
DB04659	2734
DB08026	2735
DB02415	2736
DB00469	2737
DB01060	2738
DB06421	2739
DB01996	2740
DB01734	2741
DB09221	2742
DB08631	2743
DB13946	2744
DB01860	2745
DB02835	2746
DB00375	2747
DB06283	2748
DB04450	2749
DB07312	2750
DB09269	2751
DB04179	2752
DB08257	2753
DB03394	2754
DB04459	2755
DB02723	2756
DB00799	2757
DB04875	2758
DB14491	2759
DB08330	2760
DB00500	2761
DB04112	2762
DB02350	2763
DB02413	2764
DB06723	2765
DB07082	2766
DB08802	2767
DB00755	2768
DB03317	2769
DB07825	2770
DB00961	2771
DB02753	2772
DB00657	2773
DB06479	2774
DB08759	2775
DB04223	2776
DB04153	2777
DB08268	2778
DB03238	2779
DB03765	2780
DB14126	2781
DB08950	2782
DB04561	2783
DB04763	2784
DB04877	2785
DB06362	2786
DB04644	2787
DB07351	2788
DB03183	2789
DB02327	2790
DB01025	2791
DB04687	2792
DB01355	2793
DB01070	2794
DB07977	2795
DB14583	2796
DB02435	2797
DB02816	2798
DB07540	2799
DB01715	2800
DB02906	2801
DB04973	2802
DB02443	2803
DB08263	2804
DB06938	2805
DB02257	2806
DB12455	2807
DB02057	2808
DB07899	2809
DB15496	2810
DB00247	2811
DB13044	2812
DB08656	2813
DB03596	2814
DB03795	2815
DB00749	2816
DB02489	2817
DB02462	2818
DB03896	2819
DB11273	2820
DB07927	2821
DB03886	2822
DB01348	2823
DB07985	2824
DB01341	2825
DB09070	2826
DB06909	2827
DB07788	2828
DB11087	2829
DB08908	2830
DB07211	2831
DB03148	2832
DB02651	2833
DB00069	2834
DB07143	2835
DB08148	2836
DB04408	2837
DB09262	2838
_DB_Flavonoids	2839
DB09560	2840
DB03758	2841
DB12693	2842
DB03400	2843
DB03928	2844
DB07615	2845
DB09097	2846
DB07330	2847
DB03956	2848
DB08208	2849
DB00285	2850
DB07428	2851
DB02690	2852
DB07841	2853
DB01953	2854
DB06011	2855
DB01366	2856
DB04158	2857
DB07715	2858
DB03354	2859
DB04289	2860
DB07613	2861
DB08855	2862
DB04227	2863
DB00187	2864
DB01686	2865
DB03963	2866
DB08049	2867
DB02448	2868
DB08471	2869
DB02724	2870
DB04836	2871
DB09087	2872
DB04234	2873
DB00027	2874
DB06492	2875
DB07776	2876
DB00256	2877
DB05915	2878
DB12319	2879
DB04701	2880
DB06981	2881
DB02663	2882
DB08287	2883
DB02428	2884
DB04059	2885
DB04709	2886
DB04012	2887
DB08903	2888
DB04868	2889
DB11064	2890
DB03221	2891
DB01948	2892
DB01208	2893
DB00399	2894
DB07951	2895
DB00584	2896
DB02938	2897
DB03944	2898
DB01804	2899
DB06954	2900
DB09481	2901
DB02676	2902
DB00190	2903
DB03933	2904
DB06991	2905
DB00099	2906
DB05232	2907
DB03113	2908
DB12890	2909
DB02559	2910
DB01206	2911
DB01626	2912
DB05695	2913
DB06890	2914
DB03477	2915
DB02138	2916
DB00035	2917
DB00417	2918
DB08569	2919
DB03274	2920
DB04630	2921
DB08051	2922
DB01331	2923
DB05235	2924
DB01309	2925
DB08296	2926
DB01428	2927
DB01623	2928
DB04429	2929
DB08261	2930
DB01661	2931
DB02472	2932
DB06101	2933
DB01972	2934
DB08267	2935
DB09513	2936
DB12582	2937
DB08285	2938
DB08121	2939
DB05777	2940
DB03044	2941
DB00716	2942
DB03971	2943
DB13781	2944
DB08537	2945
DB07228	2946
DB07435	2947
DB03606	2948
DB06472	2949
DB00646	2950
DB04142	2951
DB02556	2952
DB08437	2953
DB07453	2954
DB00262	2955
DB01326	2956
DB00806	2957
DB00371	2958
DB07924	2959
DB00395	2960
DB04385	2961
DB06751	2962
DB07019	2963
DB00829	2964
DB09092	2965
DB06871	2966
DB01593	2967
DB02042	2968
DB02429	2969
DB02827	2970
DB02703	2971
DB05303	2972
DB07824	2973
DB03815	2974
DB03189	2975
DB00856	2976
DB01080	2977
DB04094	2978
DB11131	2979
DB05740	2980
DB07550	2981
DB00208	2982
DB07461	2983
DB01582	2984
DB01103	2985
DB07397	2986
DB02727	2987
DB02061	2988
DB04959	2989
DB00463	2990
DB09291	2991
DB08304	2992
DB09146	2993
DB02378	2994
DB06635	2995
DB00119	2996
DB13998	2997
DB04379	2998
DB08198	2999
DB03452	3000
DB03262	3001
DB07157	3002
DB03218	3003
DB09046	3004
DB02314	3005
DB02990	3006
DB12478	3007
DB12579	3008
DB03948	3009
DB00305	3010
DB06887	3011
DB06912	3012
DB03775	3013
DB07579	3014
DB07476	3015
DB07237	3016
DB03869	3017
DB07488	3018
DB02784	3019
DB03827	3020
DB08643	3021
DB06410	3022
DB00839	3023
DB00651	3024
DB00098	3025
DB08605	3026
DB07810	3027
DB04117	3028
DB11866	3029
DB08668	3030
DB02751	3031
DB01161	3032
DB02056	3033
DB12695	3034
DB02066	3035
DB04212	3036
DB04391	3037
DB04082	3038
DB00864	3039
DB04389	3040
DB00522	3041
DB02459	3042
DB01932	3043
DB00163	3044
DB01812	3045
DB06961	3046
DB11760	3047
DB08654	3048
DB00978	3049
DB02437	3050
DB05097	3051
DB06958	3052
DB11607	3053
DB09183	3054
DB03051	3055
DB00338	3056
DB01107	3057
DB00214	3058
DB01319	3059
DB01411	3060
DB07347	3061
DB02432	3062
DB06423	3063
DB13929	3064
DB14481	3065
DB01587	3066
DB13152	3067
DB07404	3068
DB04468	3069
DB09040	3070
DB07230	3071
DB09244	3072
DB03003	3073
DB07129	3074
DB07807	3075
DB01536	3076
DB05446	3077
DB08214	3078
DB08572	3079
DB14004	3080
DB00748	3081
DB05249	3082
DB01119	3083
DB02996	3084
DB08276	3085
DB03396	3086
DB00715	3087
DB07680	3088
DB04018	3089
DB08283	3090
DB03456	3091
DB07708	3092
DB02648	3093
DB01442	3094
DB14526	3095
DB00954	3096
DB00879	3097
DB01244	3098
_DB_HA	3099
DB09332	3100
DB01842	3101
DB01127	3102
DB02299	3103
DB02615	3104
DB01601	3105
DB01036	3106
DB03893	3107
DB04788	3108
DB12978	3109
DB02046	3110
DB01228	3111
DB04690	3112
DB04703	3113
DB08192	3114
DB08233	3115
DB03781	3116
DB02318	3117
DB04639	3118
DB04460	3119
DB11811	3120
DB03662	3121
DB14013	3122
DB01186	3123
DB09258	3124
DB12202	3125
DB00950	3126
DB00422	3127
DB03153	3128
DB00080	3129
DB01620	3130
DB02696	3131
DB01211	3132
DB00505	3133
DB03566	3134
DB04441	3135
DB09081	3136
DB06754	3137
DB01926	3138
DB07117	3139
DB02243	3140
DB03977	3141
DB01979	3142
DB00288	3143
DB14489	3144
DB00927	3145
DB08810	3146
DB02127	3147
DB02240	3148
DB00070	3149
DB06739	3150
DB07855	3151
DB11132	3152
DB01944	3153
DB08558	3154
DB09235	3155
DB08768	3156
DB04915	3157
DB03469	3158
DB07921	3159
DB00244	3160
DB08646	3161
DB02595	3162
DB03279	3163
DB08215	3164
DB02550	3165
DB09121	3166
DB06595	3167
DB00579	3168
DB07142	3169
DB01284	3170
DB03018	3171
DB01125	3172
DB08098	3173
DB00060	3174
DB04127	3175
DB04491	3176
DB02044	3177
DB03135	3178
DB08401	3179
DB08552	3180
DB01351	3181
DB02679	3182
DB04876	3183
DB07139	3184
DB06853	3185
DB04198	3186
DB03290	3187
DB02029	3188
DB03343	3189
DB01063	3190
DB02893	3191
DB00503	3192
DB06073	3193
DB03031	3194
DB05219	3195
DB02712	3196
DB09068	3197
DB11275	3198
DB09079	3199
DB09198	3200
DB09048	3201
DB07984	3202
DB01652	3203
DB00140	3204
DB08197	3205
DB07210	3206
DB00342	3207
DB03227	3208
DB00479	3209
DB01799	3210
DB02797	3211
DB03602	3212
DB13956	3213
DB00004	3214
DB11362	3215
DB08262	3216
DB00175	3217
DB06413	3218
DB06941	3219
DB06992	3220
DB07567	3221
DB02460	3222
DB03554	3223
DB00400	3224
DB08748	3225
DB07163	3226
_DB_gs-376	3227
DB07518	3228
DB01116	3229
DB05864	3230
DB05659	3231
DB09324	3232
DB13800	3233
DB04068	3234
DB00735	3235
DB09113	3236
DB01912	3237
DB07178	3238
DB09026	3239
DB07280	3240
DB08609	3241
DB00872	3242
DB03024	3243
DB03740	3244
DB03993	3245
_DB_Griffithsin	3246
DB09209	3247
DB02858	3248
DB04573	3249
DB04124	3250
DB05064	3251
DB09090	3252
DB00239	3253
DB01671	3254
DB05814	3255
DB07919	3256
DB11195	3257
DB07448	3258
DB06699	3259
DB03542	3260
DB04867	3261
DB07679	3262
DB08270	3263
DB01281	3264
DB00759	3265
DB07255	3266
DB08691	3267
DB05521	3268
DB00667	3269
DB08422	3270
DB04451	3271
DB00528	3272
DB06769	3273
DB04721	3274
DB07787	3275
DB07360	3276
DB02343	3277
DB07686	3278
DB05848	3279
DB12077	3280
DB07281	3281
DB08036	3282
DB00161	3283
DB02113	3284
DB07136	3285
DB11581	3286
DB04092	3287
DB01606	3288
DB06875	3289
DB03991	3290
DB05983	3291
DB00801	3292
DB09357	3293
DB01035	3294
DB08750	3295
DB02319	3296
DB02336	3297
DB07513	3298
DB01859	3299
DB01813	3300
DB09460	3301
DB04405	3302
DB00232	3303
DB00255	3304
DB11652	3305
DB02912	3306
DB08429	3307
DB00562	3308
DB07525	3309
DB05495	3310
DB00449	3311
DB00964	3312
DB09236	3313
DB00249	3314
DB11574	3315
DB07150	3316
DB07194	3317
DB08394	3318
DB00752	3319
DB08789	3320
DB07353	3321
DB08346	3322
DB00595	3323
DB01032	3324
DB09477	3325
DB07866	3326
DB08138	3327
DB07483	3328
DB02007	3329
DB00252	3330
DB02852	3331
DB04030	3332
DB05119	3333
DB14879	3334
DB04325	3335
DB03200	3336
DB07322	3337
DB08430	3338
DB00006	3339
DB08901	3340
DB08744	3341
DB08786	3342
DB00170	3343
DB00719	3344
DB00253	3345
DB08525	3346
DB06641	3347
DB03983	3348
DB12874	3349
DB15489	3350
DB00292	3351
DB04023	3352
DB07097	3353
DB04565	3354
DB00143	3355
DB02579	3356
DB08109	3357
DB07789	3358
DB00821	3359
DB05199	3360
DB13872	3361
DB00398	3362
DB03420	3363
DB08454	3364
DB07119	3365
DB08201	3366
DB00050	3367
DB00155	3368
DB13933	3369
DB04817	3370
DB00339	3371
DB08011	3372
DB09195	3373
_DB_Diarylheptanoids	3374
DB04017	3375
DB02830	3376
DB06759	3377
DB02976	3378
DB00901	3379
DB04409	3380
DB08501	3381
DB12924	3382
DB02613	3383
DB01818	3384
DB04490	3385
DB01413	3386
DB04395	3387
DB00947	3388
DB08108	3389
DB02571	3390
DB00105	3391
DB01432	3392
DB03564	3393
DB04144	3394
DB07506	3395
DB00111	3396
DB04136	3397
DB14017	3398
DB07756	3399
DB07572	3400
DB02872	3401
DB07116	3402
DB12548	3403
DB06916	3404
DB04186	3405
DB03217	3406
DB00545	3407
DB09303	3408
DB06968	3409
DB06842	3410
DB03079	3411
DB04318	3412
DB04518	3413
DB01643	3414
DB11421	3415
DB05541	3416
DB08912	3417
DB08037	3418
DB08332	3419
DB09086	3420
DB03286	3421
DB03907	3422
DB06775	3423
DB07306	3424
DB07597	3425
DB06750	3426
DB01892	3427
DB09239	3428
DB00441	3429
DB04652	3430
DB01837	3431
DB01199	3432
DB08080	3433
DB03909	3434
DB04581	3435
DB04114	3436
DB04677	3437
DB05222	3438
DB03315	3439
DB06103	3440
DB03170	3441
DB02998	3442
DB00315	3443
DB05289	3444
DB09101	3445
DB04028	3446
DB00348	3447
DB03247	3448
DB04348	3449
_DB_CA	3450
DB04185	3451
DB07657	3452
DB07334	3453
DB01117	3454
DB04205	3455
DB05243	3456
DB00137	3457
DB01839	3458
DB07801	3459
DB04758	3460
DB00628	3461
DB07002	3462
DB08028	3463
DB07357	3464
DB03910	3465
DB00793	3466
DB07437	3467
DB03320	3468
DB01905	3469
DB06439	3470
DB04108	3471
DB09288	3472
DB12960	3473
DB02512	3474
DB03968	3475
DB07415	3476
DB05223	3477
DB02558	3478
DB00472	3479
DB08377	3480
DB08077	3481
DB06401	3482
DB07925	3483
DB06209	3484
DB02506	3485
DB04511	3486
DB00491	3487
DB04469	3488
DB04760	3489
DB06800	3490
DB06550	3491
DB08753	3492
DB02547	3493
DB00194	3494
DB08178	3495
DB02803	3496
DB04027	3497
DB02711	3498
DB07152	3499
DB05969	3500
DB07843	3501
DB02662	3502
DB07933	3503
DB06952	3504
DB07013	3505
DB01377	3506
DB07894	3507
DB04235	3508
DB07689	3509
DB07324	3510
DB08779	3511
DB09215	3512
DB11294	3513
DB04894	3514
DB07229	3515
DB07531	3516
DB08872	3517
DB09052	3518
DB00381	3519
DB02590	3520
DB03240	3521
DB04396	3522
DB06862	3523
DB08335	3524
DB00877	3525
DB01764	3526
DB08488	3527
DB07012	3528
DB01267	3529
DB06962	3530
DB04911	3531
DB00926	3532
DB00685	3533
DB11693	3534
DB06558	3535
DB04498	3536
DB07213	3537
DB00826	3538
DB11858	3539
DB06152	3540
DB04954	3541
DB07501	3542
DB07181	3543
DB00451	3544
DB03584	3545
DB07611	3546
DB01782	3547
DB01861	3548
DB01638	3549
DB04393	3550
DB00280	3551
DB00293	3552
DB11181	3553
DB01625	3554
DB06809	3555
DB01665	3556
DB07023	3557
DB04794	3558
DB04281	3559
DB04316	3560
DB01225	3561
DB07061	3562
DB04454	3563
DB04083	3564
DB06787	3565
DB11345	3566
DB06285	3567
DB02342	3568
DB07835	3569
DB07763	3570
DB05801	3571
DB09418	3572
DB03466	3573
DB01364	3574
DB08007	3575
DB14528	3576
DB01998	3577
DB04006	3578
DB06822	3579
DB13934	3580
DB04821	3581
DB00231	3582
DB00539	3583
DB03904	3584
DB15599	3585
DB00955	3586
DB11090	3587
DB13501	3588
DB03700	3589
DB02452	3590
DB01541	3591
DB01050	3592
DB00404	3593
DB05209	3594
DB02161	3595
DB00074	3596
DB02361	3597
DB01153	3598
DB08297	3599
DB04576	3600
DB05469	3601
DB08308	3602
DB12532	3603
DB01016	3604
DB01685	3605
DB06757	3606
DB04047	3607
DB00369	3608
DB02398	3609
DB02828	3610
DB08730	3611
DB02576	3612
DB05466	3613
DB12250	3614
DB05015	3615
DB09323	3616
DB03403	3617
DB00699	3618
DB08300	3619
DB08613	3620
DB13125	3621
DB02542	3622
DB07144	3623
DB03505	3624
DB01282	3625
DB06263	3626
DB03074	3627
DB06311	3628
DB08248	3629
DB08667	3630
DB08718	3631
DB00150	3632
DB08058	3633
DB02216	3634
DB00153	3635
DB03441	3636
DB07367	3637
DB03707	3638
DB14762	3639
DB07938	3640
DB02181	3641
DB07519	3642
DB03553	3643
DB04369	3644
DB11692	3645
DB00515	3646
DB07141	3647
DB07455	3648
DB02329	3649
DB03250	3650
DB07723	3651
DB08302	3652
DB00246	3653
DB01472	3654
DB05505	3655
DB08090	3656
DB01866	3657
DB03555	3658
DB07553	3659
DB08513	3660
DB07627	3661
DB08046	3662
DB06655	3663
DB08161	3664
DB00380	3665
DB01320	3666
DB08628	3667
DB08129	3668
DB11781	3669
DB14542	3670
DB07928	3671
DB07790	3672
DB04120	3673
DB04016	3674
DB00061	3675
DB00540	3676
DB03246	3677
DB11963	3678
DB00700	3679
DB01934	3680
DB00802	3681
DB08331	3682
DB07388	3683
DB07586	3684
DB01165	3685
DB01823	3686
DB04781	3687
DB02101	3688
DB00001	3689
DB00703	3690
DB01735	3691
DB03493	3692
DB14539	3693
DB03328	3694
DB03040	3695
DB11723	3696
DB07269	3697
DB01163	3698
DB07010	3699
DB07089	3700
DB02928	3701
DB02234	3702
DB07638	3703
DB03323	3704
DB02430	3705
DB04168	3706
DB08167	3707
DB08130	3708
DB08461	3709
DB02754	3710
DB01978	3711
DB00548	3712
DB09267	3713
DB03978	3714
DB04840	3715
DB07239	3716
DB06511	3717
DB09327	3718
DB05164	3719
DB03187	3720
DB06442	3721
DB04824	3722
DB03034	3723
DB05431	3724
DB07231	3725
DB08221	3726
DB05513	3727
DB06828	3728
DB04304	3729
DB01276	3730
DB04519	3731
DB02126	3732
DB07612	3733
DB03197	3734
DB09043	3735
DB06159	3736
DB08218	3737
DB00851	3738
DB00687	3739
DB08067	3740
DB08674	3741
DB11676	3742
DB06454	3743
DB11632	3744
DB06538	3745
DB03136	3746
DB01684	3747
DB01632	3748
DB04446	3749
DB08234	3750
DB01209	3751
DB02307	3752
DB08357	3753
DB00224	3754
DB03729	3755
DB01567	3756
DB03874	3757
DB06230	3758
DB03415	3759
DB08273	3760
DB12458	3761
DB03306	3762
DB03471	3763
DB08664	3764
DB07297	3765
DB07477	3766
DB08687	3767
DB15493	3768
DB03766	3769
DB03657	3770
DB11640	3771
DB02311	3772
DB04306	3773
DB07923	3774
DB04014	3775
DB08918	3776
DB11979	3777
DB05177	3778
DB13083	3779
DB03572	3780
DB08815	3781
DB03828	3782
DB05771	3783
DB08112	3784
DB03056	3785
DB07463	3786
DB00594	3787
DB02587	3788
DB08184	3789
DB08200	3790
DB02936	3791
DB03546	3792
DB01775	3793
DB03865	3794
DB00599	3795
DB07551	3796
DB03086	3797
DB08068	3798
DB04903	3799
DB08742	3800
DB03938	3801
DB07782	3802
DB04367	3803
DB01011	3804
DB03906	3805
DB02977	3806
DB03347	3807
DB01970	3808
DB03383	3809
DB02375	3810
DB02109	3811
DB08521	3812
DB03093	3813
DB02965	3814
DB07370	3815
DB07458	3816
DB04583	3817
DB06607	3818
DB08818	3819
DB02570	3820
DB07876	3821
DB06836	3822
DB15495	3823
DB04926	3824
DB03106	3825
DB00887	3826
DB01216	3827
DB07620	3828
DB03961	3829
DB03895	3830
DB04919	3831
DB04596	3832
DB06777	3833
DB14486	3834
DB04440	3835
DB02731	3836
DB03621	3837
DB00637	3838
DB06725	3839
DB08499	3840
DB04751	3841
DB08904	3842
DB01229	3843
DB09229	3844
DB07241	3845
DB12865	3846
DB04533	3847
DB07429	3848
DB06684	3849
DB08421	3850
DB03692	3851
DB06248	3852
DB00571	3853
DB06408	3854
DB13003	3855
DB14761	3856
DB00213	3857
DB00844	3858
DB02524	3859
DB03659	3860
DB02186	3861
DB03060	3862
DB03845	3863
DB08635	3864
DB00585	3865
DB01752	3866
DB00514	3867
DB01863	3868
DB07591	3869
DB01559	3870
DB01097	3871
DB04590	3872
DB00590	3873
DB07287	3874
DB00553	3875
DB02458	3876
DB06896	3877
DB04057	3878
DB04267	3879
DB13166	3880
DB02170	3881
DB07202	3882
DB05767	3883
DB00987	3884
DB00115	3885
DB08792	3886
DB01744	3887
DB01747	3888
DB02627	3889
DB01143	3890
DB03190	3891
DB00629	3892
DB00701	3893
DB00788	3894
DB02268	3895
DB01911	3896
DB08038	3897
DB01395	3898
DB08791	3899
DB13269	3900
DB00052	3901
DB00197	3902
DB09345	3903
DB05078	3904
DB12773	3905
DB02522	3906
DB03732	3907
DB05676	3908
DB03368	3909
DB02527	3910
DB01112	3911
DB00542	3912
DB03468	3913
DB04055	3914
DB04350	3915
DB03784	3916
DB11703	3917
DB00309	3918
DB11738	3919
DB04930	3920
DB02163	3921
DB02927	3922
DB06436	3923
DB00355	3924
DB05590	3925
DB06094	3926
DB08314	3927
DB00583	3928
DB05017	3929
DB06782	3930
DB03773	3931
DB11859	3932
DB06700	3933
DB00331	3934
DB00662	3935
DB06878	3936
DB08309	3937
DB14072	3938
DB00908	3939
DB05187	3940
DB00113	3941
DB02800	3942
DB02135	3943
DB00374	3944
DB13174	3945
DB02118	3946
DB04147	3947
DB00582	3948
DB01957	3949
DB13874	3950
DB03526	3951
DB04953	3952
DB00920	3953
DB02358	3954
DB03796	3955
DB07688	3956
DB13421	3957
DB00023	3958
DB06856	3959
DB05483	3960
DB07747	3961
DB11359	3962
DB04765	3963
DB04465	3964
DB07450	3965
DB00588	3966
DB04734	3967
DB04310	3968
DB01421	3969
DB00988	3970
DB07931	3971
DB06602	3972
DB07314	3973
DB00714	3974
DB03905	3975
DB07439	3976
DB07333	3977
DB00822	3978
DB06552	3979
DB02144	3980
DB00529	3981
DB07131	3982
DB01283	3983
DB03310	3984
DB06939	3985
DB05448	3986
DB12520	3987
DB06835	3988
DB07674	3989
DB08669	3990
DB07581	3991
DB06318	3992
DB07172	3993
DB08389	3994
DB00742	3995
DB01024	3996
DB04562	3997
_DB_gs-441524	3998
DB00626	3999
DB07573	4000
DB08089	4001
DB03498	4002
DB01088	4003
DB08307	4004
DB00152	4005
DB11699	4006
DB08709	4007
DB06429	4008
DB06623	4009
DB01094	4010
DB06768	4011
DB07449	4012
DB11604	4013
DB02897	4014
DB07285	4015
DB02035	4016
DB14014	4017
DB06906	4018
DB05971	4019
DB01725	4020
DB02604	4021
DB00577	4022
DB11852	4023
DB05475	4024
DB11338	4025
DB02825	4026
DB02868	4027
DB06847	4028
DB03787	4029
DB07836	4030
DB09119	4031
DB00109	4032
DB12961	4033
DB06919	4034
DB08790	4035
DB02154	4036
DB06354	4037
DB07795	4038
DB09214	4039
DB05950	4040
DB07544	4041
DB07557	4042
DB00072	4043
DB06372	4044
DB11921	4045
DB08686	4046
DB02263	4047
DB01618	4048
DB03679	4049
DB09338	4050
DB07533	4051
DB04971	4052
DB03423	4053
DB03837	4054
DB02265	4055
DB02270	4056
DB05122	4057
DB02022	4058
DB04280	4059
DB07409	4060
DB00642	4061
DB08862	4062
DB02079	4063
DB05956	4064
DB00891	4065
DB04791	4066
DB06207	4067
DB11712	4068
DB02396	4069
DB09238	4070
DB13151	4071
DB00895	4072
DB06042	4073
DB09232	4074
DB11718	4075
DB02763	4076
DB01154	4077
DB12598	4078
DB06925	4079
DB01589	4080
DB03144	4081
DB04811	4082
DB07728	4083
DB09204	4084
DB00492	4085
DB02280	4086
DB04699	4087
DB08295	4088
DB04217	4089
DB08526	4090
DB02187	4091
DB03419	4092
DB07027	4093
DB08149	4094
DB01067	4095
DB01983	4096
DB05096	4097
DB02475	4098
DB07358	4099
DB03128	4100
DB02364	4101
DB06865	4102
DB00159	4103
DB03871	4104
DB06850	4105
DB02071	4106
DB00259	4107
DB07100	4108
DB05130	4109
DB01074	4110
DB07897	4111
DB07114	4112
DB08869	4113
DB01628	4114
_DB_Carrizumab	4115
DB08132	4116
DB03641	4117
DB04853	4118
DB08134	4119
DB04617	4120
DB08238	4121
DB03482	4122
DB09532	4123
DB14514	4124
DB04388	4125
DB02411	4126
DB01092	4127
DB02047	4128
DB03108	4129
DB04998	4130
DB12301	4131
DB09217	4132
DB08384	4133
DB08891	4134
DB03881	4135
DB00461	4136
DB08614	4137
DB02599	4138
DB06234	4139
DB01931	4140
DB00254	4141
DB13926	4142
DB04742	4143
DB04445	4144
DB09517	4145
DB06908	4146
DB09449	4147
DB00031	4148
DB08388	4149
DB00865	4150
DB15568	4151
DB13200	4152
DB01673	4153
DB07304	4154
DB03807	4155
DB01168	4156
DB05408	4157
DB07052	4158
DB04337	4159
DB01642	4160
DB08555	4161
DB04242	4162
DB02733	4163
DB02544	4164
DB00921	4165
DB08470	4166
DB01072	4167
DB07846	4168
DB00071	4169
DB09295	4170
DB08583	4171
DB02080	4172
DB00158	4173
DB07197	4174
DB03360	4175
DB00452	4176
DB09559	4177
DB01814	4178
DB02001	4179
DB08095	4180
DB12371	4181
DB02354	4182
DB08491	4183
DB01147	4184
DB02673	4185
DB00210	4186
DB00936	4187
DB07610	4188
DB07636	4189
DB09186	4190
DB04997	4191
DB05708	4192
DB01268	4193
DB00963	4194
DB04577	4195
DB08590	4196
DB08827	4197
DB14520	4198
DB02019	4199
DB08560	4200
DB04116	4201
DB00760	4202
DB05855	4203
DB02404	4204
DB01059	4205
DB00691	4206
DB08141	4207
DB04698	4208
DB01773	4209
DB06518	4210
DB12010	4211
DB07248	4212
DB03924	4213
DB13720	4214
DB04633	4215
DB01044	4216
DB02686	4217
DB09396	4218
DB07377	4219
DB03515	4220
DB07633	4221
DB02603	4222
DB07445	4223
DB03213	4224
DB02297	4225
DB11737	4226
DB00448	4227
DB00930	4228
DB05294	4229
DB00652	4230
DB08114	4231
DB06109	4232
DB03140	4233
DB02247	4234
DB07577	4235
DB03006	4236
DB07565	4237
DB05362	4238
DB03669	4239
DB02289	4240
DB02347	4241
DB09059	4242
DB03750	4243
DB02838	4244
DB00313	4245
DB01784	4246
DB09127	4247
DB07340	4248
DB05530	4249
DB11575	4250
DB06681	4251
DB02924	4252
DB01750	4253
DB02900	4254
DB00237	4255
DB01809	4256
DB02466	4257
DB07757	4258
DB01204	4259
DB02876	4260
DB01418	4261
DB00843	4262
DB12445	4263
DB03835	4264
DB04031	4265
DB00917	4266
DB00206	4267
DB01115	4268
DB06282	4269
DB07045	4270
DB08369	4271
DB04174	4272
DB14066	4273
DB03417	4274
DB07805	4275
DB06151	4276
DB09185	4277
DB07410	4278
DB04873	4279
DB07957	4280
DB11732	4281
DB08683	4282
DB02552	4283
DB08375	4284
DB14500	4285
DB01099	4286
DB04754	4287
DB02391	4288
DB03010	4289
DB03178	4290
DB05403	4291
DB02844	4292
DB07469	4293
DB04265	4294
DB01352	4295
DB07159	4296
DB01188	4297
DB08705	4298
DB02840	4299
DB00606	4300
DB07684	4301
DB11633	4302
DB08913	4303
DB03277	4304
DB14641	4305
DB07768	4306
DB09096	4307
DB08362	4308
DB00310	4309
DB03097	4310
DB00931	4311
DB13967	4312
DB00979	4313
DB07814	4314
DB05183	4315
DB07909	4316
DB07842	4317
DB03703	4318
DB06603	4319
DB07115	4320
DB03102	4321
DB02720	4322
DB04896	4323
DB08047	4324
DB12662	4325
DB07543	4326
DB08652	4327
DB00335	4328
DB03280	4329
DB08553	4330
DB09128	4331
DB08516	4332
DB01733	4333
DB07480	4334
DB04543	4335
DB07036	4336
DB04618	4337
DB05305	4338
DB00692	4339
DB01561	4340
DB13903	4341
DB07856	4342
DB08110	4343
DB13007	4344
DB00747	4345
DB07485	4346
DB01406	4347
DB12887	4348
DB15444	4349
DB01324	4350
DB01031	4351
DB08474	4352
DB07982	4353
DB13165	4354
DB09331	4355
DB08795	4356
DB04386	4357
DB08352	4358
DB07666	4359
DB03337	4360
DB03884	4361
DB06680	4362
DB02822	4363
DB02837	4364
DB02574	4365
DB08004	4366
DB01178	4367
DB06457	4368
DB08703	4369
DB12328	4370
DB04156	4371
DB02484	4372
DB07316	4373
DB04654	4374
DB05131	4375
DB05127	4376
DB03454	4377
DB07838	4378
DB08172	4379
DB09064	4380
DB01045	4381
DB01043	4382
DB09256	4383
DB03612	4384
DB09321	4385
DB03975	4386
DB02903	4387
DB07986	4388
DB01669	4389
DB00489	4390
DB09310	4391
DB09350	4392
DB05642	4393
DB09103	4394
DB01192	4395
DB02780	4396
DB05070	4397
DB04314	4398
DB02076	4399
DB03395	4400
DB00881	4401
DB00746	4402
DB01576	4403
DB01738	4404
DB00063	4405
DB05343	4406
DB01987	4407
DB06404	4408
DB00361	4409
DB08180	4410
DB02072	4411
DB08410	4412
DB01278	4413
DB00392	4414
DB03540	4415
DB04534	4416
DB00362	4417
DB00202	4418
DB04776	4419
DB12769	4420
DB08738	4421
DB02931	4422
DB00078	4423
DB03752	4424
DB06764	4425
DB05079	4426
DB01960	4427
DB01102	4428
DB01903	4429
DB05200	4430
DB01203	4431
DB05869	4432
DB07426	4433
DB06650	4434
DB05218	4435
DB07034	4436
DB08413	4437
DB08418	4438
DB01014	4439
DB03503	4440
DB04052	4441
DB06864	4442
DB04792	4443
DB04642	4444
DB07730	4445
DB01382	4446
DB14062	4447
DB13133	4448
DB04343	4449
DB08875	4450
DB05052	4451
DB09535	4452
DB03430	4453
DB00622	4454
DB00867	4455
DB02485	4456
DB07216	4457
DB03235	4458
DB03177	4459
DB12610	4460
DB00915	4461
DB06848	4462
DB04614	4463
DB11831	4464
DB01711	4465
DB02717	4466
DB07122	4467
DB04933	4468
DB07649	4469
DB00690	4470
DB09319	4471
DB01073	4472
DB08678	4473
DB12742	4474
DB11166	4475
DB01261	4476
DB03737	4477
DB06788	4478
DB09297	4479
DB06249	4480
DB08534	4481
DB08797	4482
DB02279	4483
DB12159	4484
DB08475	4485
DB04239	4486
DB08575	4487
DB05046	4488
DB00092	4489
DB00680	4490
DB07818	4491
DB03332	4492
DB04890	4493
DB00625	4494
DB01021	4495
DB01964	4496
DB07987	4497
DB07440	4498
DB00483	4499
DB00757	4500
DB02831	4501
DB06772	4502
DB00467	4503
DB02370	4504
DB03294	4505
DB08107	4506
DB07336	4507
DB06924	4508
DB02010	4509
DB05351	4510
DB00055	4511
DB04947	4512
DB12200	4513
DB08871	4514
DB01630	4515
DB08367	4516
DB02461	4517
DB08235	4518
DB06186	4519
DB06886	4520
DB04033	4521
DB00810	4522
DB00444	4523
DB00294	4524
DB09536	4525
DB04857	4526
DB01263	4527
DB01763	4528
DB00728	4529
DB00754	4530
DB05449	4531
DB04860	4532
DB02217	4533
DB08244	4534
DB00438	4535
DB01437	4536
DB01871	4537
DB01332	4538
DB00241	4539
DB01698	4540
DB00897	4541
DB01657	4542
DB01030	4543
DB01765	4544
DB07224	4545
DB01891	4546
DB07134	4547
DB04157	4548
DB07798	4549
DB08237	4550
DB02491	4551
DB00195	4552
DB01294	4553
DB01549	4554
DB05214	4555
DB01844	4556
DB07086	4557
DB08364	4558
DB02059	4559
DB00866	4560
DB06218	4561
DB06707	4562
DB08022	4563
DB03192	4564
DB02468	4565
DB00203	4566
DB01939	4567
DB07875	4568
DB08874	4569
DB04688	4570
DB03121	4571
DB04964	4572
DB06358	4573
DB02213	4574
DB04855	4575
DB04678	4576
DB00712	4577
DB04901	4578
DB09543	4579
DB09263	4580
DB00512	4581
DB08595	4582
DB03530	4583
DB04960	4584
DB07537	4585
DB00655	4586
DB01118	4587
DB13014	4588
DB02531	4589
DB06948	4590
DB08088	4591
DB11455	4592
DB04797	4593
DB09107	4594
DB12855	4595
DB12783	4596
DB03220	4597
DB00450	4598
DB04892	4599
DB03012	4600
DB08301	4601
DB08489	4602
DB09027	4603
DB00919	4604
DB04527	4605
DB07331	4606
DB00992	4607
DB07099	4608
DB03212	4609
DB00238	4610
DB02851	4611
DB07947	4612
DB08584	4613
DB06137	4614
DB02036	4615
DB03822	4616
DB02374	4617
DB07416	4618
DB01622	4619
DB00791	4620
DB02272	4621
DB03782	4622
DB02701	4623
DB01621	4624
DB03257	4625
DB09462	4626
DB08707	4627
DB07618	4628
DB02887	4629
DB04563	4630
DB12007	4631
DB04514	4632
DB09273	4633
DB02483	4634
DB07390	4635
DB06512	4636
DB11951	4637
DB03433	4638
DB00324	4639
DB07223	4640
DB07541	4641
DB08139	4642
DB03449	4643
DB12733	4644
DB04548	4645
DB04010	4646
DB06157	4647
DB08043	4648
DB09018	4649
DB13932	4650
DB04453	4651
DB03622	4652
DB14783	4653
DB02856	4654
DB02839	4655
DB00185	4656
DB02377	4657
DB07389	4658
DB03979	4659
DB04129	4660
DB07068	4661
DB04165	4662
DB04805	4663
DB03111	4664
DB07621	4665
DB08433	4666
DB07634	4667
DB08427	4668
DB04328	4669
DB04934	4670
DB08741	4671
DB00217	4672
DB05075	4673
DB02399	4674
DB02434	4675
DB03114	4676
DB05787	4677
DB07048	4678
DB06841	4679
DB00044	4680
DB02540	4681
DB02974	4682
DB02159	4683
DB04956	4684
DB03351	4685
DB07261	4686
DB13884	4687
DB03309	4688
DB01373	4689
DB04784	4690
DB02301	4691
DB08400	4692
DB01571	4693
DB06803	4694
DB06900	4695
DB06760	4696
DB02028	4697
DB03229	4698
DB08179	4699
DB00809	4700
DB06243	4701
DB02420	4702
DB07767	4703
DB14731	4704
DB07303	4705
DB02363	4706
DB00211	4707
DB04752	4708
DB07804	4709
DB05916	4710
DB08113	4711
DB08305	4712
DB06714	4713
DB00102	4714
DB02211	4715
DB02799	4716
DB02424	4717
DB06963	4718
DB09320	4719
DB02849	4720
DB04790	4721
DB00468	4722
DB07295	4723
DB04720	4724
DB01726	4725
DB00740	4726
DB04207	4727
DB01007	4728
DB08816	4729
DB03459	4730
DB06096	4731
DB06560	4732
DB01780	4733
DB01599	4734
DB03582	4735
DB00146	4736
DB03583	4737
DB05297	4738
DB07368	4739
DB09082	4740
DB08860	4741
DB00638	4742
DB02305	4743
DB03592	4744
DB04199	4745
DB00407	4746
DB07498	4747
DB07742	4748
DB01241	4749
DB07971	4750
DB06040	4751
DB13581	4752
DB06654	4753
DB07293	4754
DB05607	4755
DB01260	4756
DB14864	4757
DB01132	4758
DB07056	4759
DB05773	4760
DB01108	4761
DB02569	4762
DB01670	4763
DB01243	4764
DB00570	4765
DB00413	4766
DB00993	4767
DB06347	4768
DB00427	4769
DB07459	4770
DB08996	4771
DB02716	4772
DB02622	4773
DB08905	4774
DB09242	4775
DB01655	4776
DB00291	4777
DB08374	4778
DB03283	4779
DB06441	4780
DB02017	4781
DB07964	4782
DB07584	4783
DB14067	4784
DB09065	4785
DB08337	4786
DB07628	4787
DB01880	4788
DB07960	4789
DB00490	4790
DB02479	4791
DB02614	4792
DB02705	4793
DB04882	4794
DB00476	4795
DB08699	4796
DB02572	4797
DB03039	4798
DB07128	4799
DB00428	4800
DB04522	4801
DB00889	4802
DB07406	4803
DB01992	4804
DB04034	4805
DB01501	4806
DB03314	4807
DB11995	4808
DB00616	4809
DB03199	4810
DB07173	4811
DB00457	4812
DB02352	4813
DB02482	4814
DB01890	4815
DB02644	4816
DB00563	4817
DB11597	4818
DB07471	4819
DB00181	4820
DB11914	4821
DB00696	4822
DB00458	4823
DB09148	4824
DB00778	4825
DB00972	4826
DB07407	4827
DB07872	4828
DB01101	4829
DB03390	4830
DB05190	4831
DB08325	4832
DB00653	4833
DB04155	4834
DB03502	4835
DB04693	4836
DB01690	4837
DB09114	4838
DB12161	4839
DB03683	4840
DB03637	4841
DB04658	4842
DB04430	4843
DB07614	4844
DB03733	4845
DB03052	4846
DB01384	4847
DB00999	4848
DB03145	4849
DB01189	4850
DB01212	4851
DB08072	4852
DB03870	4853
DB04237	4854
DB05395	4855
DB08447	4856
DB01896	4857
DB03843	4858
DB08231	4859
DB01776	4860
DB05492	4861
DB03019	4862
DB08873	4863
DB11059	4864
DB01061	4865
DB08500	4866
DB02470	4867
DB00322	4868
DB02521	4869
DB05939	4870
DB03557	4871
DB00223	4872
DB03693	4873
DB01950	4874
DB06953	4875
DB04608	4876
DB00178	4877
DB04600	4878
DB03751	4879
DB04095	4880
DB03534	4881
DB01777	4882
DB00034	4883
DB07296	4884
DB00493	4885
DB01793	4886
DB00040	4887
DB03485	4888
DB03023	4889
DB08844	4890
DB03817	4891
DB07609	4892
DB09093	4893
DB04724	4894
DB02742	4895
DB04312	4896
DB04682	4897
DB11943	4898
DB07698	4899
DB07993	4900
DB13996	4901
DB03243	4902
DB01683	4903
DB15250	4904
DB07510	4905
DB05644	4906
DB04098	4907
DB01947	4908
DB03035	4909
DB00922	4910
DB01363	4911
DB04276	4912
DB07717	4913
DB08253	4914
DB08835	4915
DB06616	4916
DB07379	4917
DB03767	4918
DB04786	4919
DB07623	4920
DB03857	4921
DB01748	4922
DB07311	4923
DB08565	4924
DB03267	4925
DB00106	4926
DB02084	4927
DB05553	4928
DB07043	4929
DB07955	4930
DB11901	4931
DB15565	4932
DB00834	4933
DB08469	4934
DB07022	4935
DB00787	4936
DB00287	4937
DB09223	4938
DB11644	4939
DB02073	4940
DB00587	4941
DB08888	4942
DB00631	4943
DB02865	4944
DB07546	4945
DB00366	4946
DB07106	4947
DB04140	4948
DB01927	4949
DB07972	4950
DB08651	4951
DB03591	4952
DB04513	4953
DB02185	4954
DB08596	4955
DB02456	4956
DB00389	4957
DB04782	4958
DB07994	4959
DB02325	4960
DB00621	4961
DB02508	4962
DB03825	4963
DB00507	4964
DB08157	4965
DB09231	4966
DB08809	4967
DB08355	4968
DB02836	4969
DB00456	4970
DB08511	4971
DB01790	4972
DB07225	4973
DB08546	4974
DB13995	4975
DB09063	4976
DB00388	4977
DB01993	4978
DB08246	4979
DB00100	4980
DB05107	4981
DB03558	4982
DB03712	4983
DB07936	4984
DB03623	4985
DB00861	4986
DB00575	4987
DB03888	4988
DB01677	4989
DB05001	4990
DB04912	4991
DB03473	4992
DB00654	4993
DB07174	4994
DB04284	4995
DB00695	4996
DB05685	4997
DB02282	4998
DB03959	4999
DB05489	5000
DB07400	5001
DB03408	5002
DB08638	5003
DB06843	5004
DB03859	5005
DB08689	5006
DB07706	5007
DB05308	5008
DB07644	5009
DB06694	5010
DB04612	5011
DB06688	5012
DB08395	5013
DB08242	5014
DB06446	5015
DB02264	5016
DB07761	5017
DB00848	5018
DB08867	5019
DB08659	5020
DB11726	5021
DB04160	5022
DB08249	5023
DB08222	5024
DB08752	5025
DB08306	5026
DB07050	5027
DB05524	5028
DB01786	5029
DB09074	5030
DB14529	5031
DB03016	5032
DB03544	5033
DB11094	5034
DB03880	5035
DB14041	5036
DB05424	5037
DB06156	5038
DB01034	5039
DB02528	5040
DB11591	5041
DB01767	5042
DB07908	5043
DB07366	5044
DB01846	5045
DB04865	5046
DB00406	5047
DB05045	5048
DB04591	5049
DB03401	5050
DB06543	5051
DB06889	5052
DB08746	5053
DB09224	5054
DB02715	5055
DB05737	5056
DB03467	5057
DB07484	5058
DB07151	5059
DB00751	5060
DB06943	5061
DB14071	5062
DB00694	5063
DB00058	5064
DB07520	5065
DB02252	5066
DB08345	5067
DB05471	5068
DB04866	5069
DB05159	5070
DB03405	5071
DB00632	5072
DB01140	5073
DB07126	5074
DB05016	5075
DB03365	5076
DB04646	5077
DB07796	5078
DB00724	5079
DB07952	5080
DB05418	5081
DB07112	5082
DB05367	5083
DB04879	5084
DB07251	5085
DB01975	5086
DB04897	5087
DB04320	5088
DB06325	5089
DB07037	5090
DB11429	5091
DB14562	5092
DB02848	5093
DB07915	5094
DB00860	5095
DB01876	5096
DB04425	5097
DB05141	5098
DB00952	5099
DB15593	5100
DB05120	5101
DB12442	5102
DB02261	5103
DB06752	5104
DB00561	5105
DB05964	5106
DB11740	5107
DB03919	5108
DB04167	5109
DB05095	5110
DB03936	5111
DB03152	5112
DB07064	5113
DB02058	5114
DB08570	5115
DB09279	5116
DB02854	5117
DB02752	5118
DB01864	5119
DB03483	5120
DB05129	5121
DB01426	5122
DB04106	5123
DB08484	5124
DB06892	5125
DB04829	5126
DB02373	5127
DB07326	5128
DB07412	5129
DB00276	5130
DB04335	5131
DB01156	5132
DB00885	5133
DB03958	5134
DB08146	5135
DB03028	5136
DB00357	5137
DB11071	5138
DB04461	5139
DB12436	5140
DB08671	5141
DB09116	5142
DB02426	5143
DB03125	5144
DB00641	5145
DB00334	5146
DB07266	5147
DB00377	5148
DB00136	5149
DB08151	5150
DB03203	5151
DB02049	5152
DB03667	5153
DB07165	5154
DB11608	5155
DB13940	5156
DB14070	5157
DB04363	5158
DB01259	5159
DB07323	5160
DB00893	5161
DB06497	5162
DB01439	5163
DB09351	5164
DB04757	5165
DB06677	5166
DB01159	5167
DB02534	5168
DB02867	5169
DB00499	5170
DB02139	5171
DB01275	5172
DB08627	5173
DB08313	5174
DB01965	5175
DB13092	5176
DB03092	5177
DB06605	5178
DB08019	5179
DB00382	5180
DB12747	5181
DB03096	5182
DB05155	5183
DB05227	5184
DB08327	5185
DB05121	5186
DB08648	5187
DB02474	5188
DB00002	5189
DB02713	5190
DB08054	5191
DB06742	5192
DB06333	5193
DB08241	5194
DB04088	5195
DB00038	5196
DB08239	5197
DB02866	5198
DB08456	5199
DB08594	5200
DB08998	5201
DB14544	5202
DB07017	5203
DB00289	5204
DB02610	5205
DB00777	5206
DB05533	5207
DB07348	5208
DB02923	5209
DB03245	5210
DB13985	5211
DB02052	5212
DB03769	5213
DB04286	5214
DB02034	5215
DB07094	5216
DB02817	5217
DB14069	5218
DB00410	5219
DB01496	5220
DB07270	5221
DB11219	5222
DB02597	5223
DB01076	5224
DB04244	5225
DB00502	5226
DB08637	5227
DB03098	5228
DB07676	5229
DB03412	5230
DB07697	5231
DB07096	5232
DB00087	5233
DB03404	5234
DB03230	5235
DB07264	5236
DB03373	5237
DB07773	5238
DB00182	5239
DB05888	5240
DB03416	5241
DB02878	5242
DB12305	5243
DB00775	5244
DB13857	5245
DB05259	5246
DB02796	5247
DB03344	5248
DB08807	5249
DB11079	5250
DB07011	5251
DB08993	5252
DB03259	5253
DB04377	5254
DB03921	5255
DB08319	5256
DB03143	5257
DB06274	5258
DB00837	5259
DB00874	5260
DB01333	5261
DB02759	5262
DB08845	5263
DB04655	5264
DB07063	5265
DB02596	5266
DB07989	5267
DB13900	5268
DB02892	5269
DB00725	5270
DB01438	5271
DB07552	5272
DB07851	5273
DB08670	5274
DB14527	5275
DB07339	5276
DB00411	5277
DB01077	5278
DB02824	5279
DB06371	5280
DB00133	5281
DB08116	5282
DB03955	5283
DB04073	5284
DB00465	5285
DB00434	5286
_DB_MM	5287
DB01247	5288
DB01672	5289
DB04859	5290
DB03593	5291
DB01884	5292
DB11915	5293
DB00396	5294
DB00688	5295
DB08431	5296
DB06918	5297
DB03185	5298
DB01066	5299
DB01256	5300
DB02004	5301
DB14724	5302
DB07436	5303
DB01990	5304
DB00722	5305
DB03531	5306
DB00480	5307
DB11619	5308
DB04149	5309
DB01047	5310
DB06767	5311
DB00756	5312
DB04434	5313
DB07212	5314
DB01741	5315
DB07870	5316
DB09285	5317
DB08152	5318
DB07245	5319
DB06829	5320
DB09045	5321
DB07651	5322
DB00744	5323
DB09073	5324
DB03594	5325
DB00630	5326
DB11842	5327
DB01162	5328
DB08439	5329
DB00116	5330
DB06930	5331
DB07226	5332
DB02388	5333
DB05339	5334
DB14639	5335
DB13925	5336
DB04288	5337
DB08784	5338
DB01130	5339
DB02869	5340
DB07277	5341
DB02165	5342
DB09115	5343
DB02381	5344
DB02494	5345
DB02660	5346
DB06530	5347
DB02532	5348
DB09293	5349
DB09304	5350
DB11598	5351
DB12118	5352
DB07968	5353
DB00010	5354
DB03966	5355
DB03982	5356
DB08512	5357
DB08251	5358
DB08025	5359
DB05265	5360
DB01840	5361
DB03997	5362
DB02334	5363
DB04520	5364
DB04204	5365
DB13997	5366
DB04762	5367
DB00065	5368
DB02310	5369
DB12177	5370
DB02274	5371
DB07267	5372
DB07672	5373
DB02481	5374
DB03384	5375
DB03590	5376
DB01615	5377
DB03517	5378
DB04598	5379
DB01854	5380
DB09041	5381
DB00962	5382
DB08559	5383
DB09401	5384
DB05415	5385
DB07718	5386
DB14962	5387
DB01415	5388
DB09352	5389
DB00995	5390
DB02607	5391
DB09325	5392
DB09230	5393
DB07083	5394
DB02566	5395
DB08142	5396
DB00825	5397
DB09264	5398
DB00274	5399
DB08597	5400
DB01883	5401
DB05790	5402
DB14642	5403
DB00494	5404
DB01695	5405
DB03214	5406
DB00896	5407
DB08837	5408
DB02626	5409
DB08373	5410
DB05072	5411
DB04578	5412
DB02545	5413
DB03470	5414
DB07192	5415
DB04920	5416
DB00230	5417
DB00167	5418
DB00179	5419
DB04697	5420
DB00487	5421
DB01202	5422
DB04843	5423
DB02685	5424
DB07200	5425
DB00378	5426
DB02983	5427
DB08092	5428
DB12637	5429
DB07359	5430
DB02130	5431
DB08887	5432
DB01634	5433
DB04150	5434
DB03543	5435
DB08292	5436
DB00042	5437
DB07721	5438
DB07053	5439
DB03847	5440
DB04487	5441
DB04143	5442
DB07556	5443
DB04887	5444
DB07490	5445
DB00012	5446
DB05226	5447
DB04131	5448
DB03876	5449
DB07934	5450
DB06944	5451
DB00574	5452
DB00089	5453
DB07849	5454
DB04683	5455
DB07290	5456
DB00796	5457
DB13167	5458
DB14040	5459
DB03632	5460
DB09216	5461
DB06713	5462
DB06414	5463
DB05149	5464
DB03668	5465
DB07606	5466
DB03496	5467
DB04203	5468
DB03726	5469
DB06845	5470
DB08039	5471
DB04852	5472
DB00970	5473
DB03705	5474
DB06525	5475
DB05053	5476
DB03358	5477
DB05038	5478
DB03045	5479
DB08405	5480
DB01908	5481
DB04002	5482
DB00605	5483
DB02410	5484
DB04436	5485
DB00974	5486
DB09205	5487
DB05785	5488
DB05316	5489
DB02196	5490
DB03445	5491
DB08612	5492
DB14501	5493
DB05443	5494
DB06228	5495
DB07929	5496
DB07168	5497
DB08442	5498
DB06917	5499
DB00906	5500
DB02741	5501
DB02919	5502
DB01404	5503
DB06733	5504
DB07722	5505
DB08729	5506
DB04090	5507
DB03126	5508
DB08294	5509
DB07349	5510
DB06922	5511
DB11753	5512
DB06590	5513
DB00681	5514
DB03754	5515
DB03840	5516
DB07350	5517
DB04315	5518
DB07175	5519
DB05798	5520
DB03195	5521
DB01176	5522
DB03370	5523
DB01236	5524
DB02915	5525
DB03366	5526
DB07969	5527
DB08466	5528
DB00794	5529
DB11638	5530
DB09088	5531
DB07431	5532
DB05036	5533
DB03706	5534
DB02290	5535
DB04069	5536
DB08599	5537
DB12093	5538
DB04524	5539
DB00610	5540
DB06994	5541
DB04447	5542
DB06914	5543
DB04480	5544
DB02103	5545
DB02567	5546
DB04295	5547
DB06831	5548
DB08823	5549
DB11563	5550
DB00644	5551
DB11834	5552
DB13928	5553
DB11945	5554
DB08440	5555
DB02546	5556
DB01811	5557
DB13961	5558
DB08128	5559
DB14011	5560
DB00250	5561
DB07364	5562
DB07309	5563
DB04170	5564
DB00520	5565
DB06240	5566
DB00731	5567
DB03087	5568
DB07624	5569
DB00227	5570
DB09237	5571
DB05928	5572
DB00875	5573
DB00934	5574
DB03150	5575
DB00669	5576
DB09318	5577
DB00341	5578
DB03768	5579
DB14597	5580
DB06730	5581
DB09078	5582
DB13949	5583
DB01949	5584
DB02089	5585
DB06980	5586
DB04832	5587
DB07539	5588
DB03411	5589
DB08144	5590
DB02312	5591
DB11827	5592
DB11817	5593
DB03833	5594
DB02583	5595
DB06213	5596
DB08897	5597
DB05069	5598
DB01128	5599
DB04084	5600
DB05025	5601
DB06965	5602
DB08042	5603
DB11133	5604
DB01930	5605
DB08462	5606
DB00003	5607
DB07648	5608
DB01257	5609
DB01772	5610
DB08487	5611
DB01100	5612
DB03450	5613
DB04261	5614
DB07585	5615
DB01330	5616
DB00679	5617
DB06642	5618
DB01803	5619
DB00709	5620
DB05154	5621
DB04000	5622
DB02110	5623
DB01071	5624
DB05710	5625
DB05883	5626
DB07942	5627
DB01591	5628
DB07376	5629
DB01805	5630
DB02961	5631
DB04048	5632
DB06701	5633
DB03367	5634
DB01033	5635
DB00022	5636
DB00504	5637
DB03861	5638
DB09054	5639
DB11478	5640
DB01520	5641
DB01816	5642
DB07733	5643
DB14034	5644
DB03939	5645
DB07249	5646
DB13783	5647
DB15498	5648
DB07260	5649
DB06692	5650
DB02442	5651
DB00094	5652
DB02975	5653
DB04220	5654
DB07548	5655
DB08449	5656
DB00790	5657
DB00948	5658
DB07120	5659
DB06409	5660
DB11605	5661
DB01827	5662
DB14064	5663
DB04232	5664
DB11603	5665
DB05212	5666
DB02519	5667
DB07276	5668
DB00284	5669
DB08416	5670
DB02230	5671
DB06989	5672
DB01000	5673
DB15035	5674
DB03716	5675
DB00121	5676
DB08082	5677
DB04457	5678
DB08868	5679
DB01136	5680
DB14009	5681
DB08766	5682
DB04725	5683
DB08131	5684
DB07954	5685
DB04464	5686
DB05157	5687
DB01151	5688
DB04569	5689
DB00014	5690
DB09469	5691
DB01935	5692
DB05849	5693
DB00297	5694
DB11120	5695
DB01938	5696
DB02242	5697
DB07362	5698
DB01639	5699
DB08386	5700
DB07503	5701
DB00541	5702
DB07462	5703
DB03397	5704
DB06729	5705
DB07401	5706
DB14975	5707
DB03685	5708
DB01155	5709
DB01344	5710
DB07655	5711
DB02645	5712
DB07675	5713
DB09162	5714
DB07093	5715
DB03241	5716
DB01656	5717
DB02105	5718
DB02943	5719
DB04978	5720
DB03484	5721
DB03957	5722
DB00196	5723
DB11978	5724
DB15569	5725
DB02085	5726
DB04336	5727
DB08024	5728
DB11085	5729
DB02621	5730
DB03424	5731
DB04209	5732
DB07716	5733
DB02228	5734
DB06898	5735
DB06966	5736
DB07720	5737
DB00551	5738
DB02987	5739
DB02586	5740
DB00925	5741
DB03940	5742
DB04501	5743
DB01183	5744
DB07724	5745
DB02260	5746
DB02376	5747
DB06433	5748
DB00359	5749
DB03228	5750
DB03160	5751
DB07735	5752
DB00303	5753
DB07912	5754
DB00519	5755
DB02209	5756
DB01096	5757
DB00445	5758
DB04013	5759
DB07658	5760
DB05749	5761
DB00847	5762
DB08694	5763
DB04417	5764
DB08347	5765
DB11626	5766
DB00911	5767
DB14723	5768
DB02841	5769
DB00403	5770
DB02174	5771
DB03649	5772
DB04700	5773
DB02095	5774
DB13061	5775
DB03953	5776
DB07758	5777
DB01269	5778
DB14596	5779
DB07271	5780
DB09272	5781
DB08353	5782
DB02438	5783
DB06696	5784
DB01321	5785
DB02950	5786
DB07745	5787
DB12334	5788
DB08889	5789
DB08885	5790
DB08052	5791
DB03525	5792
DB05233	5793
DB08250	5794
DB09151	5795
DB02496	5796
DB01933	5797
DB06947	5798
DB12965	5799
DB03393	5800
DB08229	5801
DB05687	5802
DB08228	5803
DB08280	5804
DB09030	5805
DB03588	5806
DB11772	5807
DB07534	5808
DB04338	5809
DB03785	5810
DB05451	5811
DB02123	5812
DB04206	5813
DB12518	5814
DB04483	5815
DB01131	5816
DB00095	5817
DB01105	5818
DB07146	5819
DB00397	5820
DB12651	5821
DB04024	5822
DB02093	5823
DB08156	5824
DB03132	5825
DB02694	5826
DB03478	5827
DB02684	5828
DB02341	5829
DB00795	5830
DB14061	5831
DB06061	5832
DB07262	5833
DB03877	5834
DB00776	5835
DB02947	5836
DB07514	5837
DB00081	5838
DB00030	5839
DB04361	5840
DB07460	5841
DB03107	5842
DB08000	5843
DB01942	5844
DB04015	5845
DB00618	5846
DB08434	5847
DB05688	5848
DB07850	5849
DB12110	5850
DB03704	5851
DB02386	5852
DB04216	5853
DB01590	5854
DB09422	5855
DB03967	5856
DB07421	5857
DB13923	5858
DB03182	5859
DB05595	5860
DB01551	5861
DB03600	5862
DB04132	5863
DB00986	5864
DB00845	5865
DB05203	5866
DB01663	5867
DB08557	5868
DB06195	5869
DB08264	5870
DB09109	5871
DB00433	5872
DB02691	5873
DB05786	5874
DB06138	5875
DB00383	5876
DB09050	5877
DB03372	5878
DB08448	5879
DB04645	5880
DB04424	5881
DB13869	5882
DB07637	5883
DB13609	5884
DB08770	5885
DB08194	5886
DB03216	5887
DB01214	5888
DB01594	5889
DB07145	5890
DB04948	5891
DB02045	5892
DB06089	5893
DB05139	5894
DB02031	5895
DB04166	5896
DB04783	5897
DB08066	5898
DB00304	5899
DB08436	5900
DB01544	5901
DB08236	5902
DB00193	5903
DB08647	5904
DB07154	5905
DB04619	5906
DB02322	5907
DB08564	5908
DB05494	5909
DB04128	5910
DB06343	5911
DB03710	5912
DB01347	5913
DB00525	5914
DB02457	5915
DB01689	5916
DB02538	5917
DB06231	5918
DB01345	5919
DB02935	5920
DB04707	5921
_DB_AA	5922
DB03573	5923
DB08344	5924
DB02024	5925
DB00940	5926
DB06881	5927
DB08473	5928
DB04264	5929
DB06406	5930
DB03442	5931
DB08838	5932
DB08018	5933
DB06155	5934
DB06069	5935
DB04231	5936
DB05959	5937
DB03842	5938
DB08349	5939
DB00073	5940
DB04376	5941
DB02326	5942
DB00419	5943
DB07044	5944
DB01535	5945
DB09389	5946
DB08070	5947
DB00991	5948
DB09122	5949
DB00460	5950
DB04163	5951
DB11714	5952
DB08169	5953
DB00615	5954
DB04602	5955
DB08712	5956
DB00624	5957
DB03929	5958
DB01270	5959
DB00560	5960
DB01843	5961
DB07953	5962
DB01862	5963
DB04492	5964
DB09034	5965
DB03137	5966
DB01595	5967
DB02096	5968
DB00968	5969
DB08076	5970
DB04557	5971
DB06533	5972
_DB_bufalin	5973
DB01193	5974
DB07060	5975
DB04544	5976
DB02225	5977
DB01289	5978
DB00945	5979
DB02937	5980
DB03256	5981
DB00767	5982
DB07491	5983
DB09077	5984
DB04674	5985
DB04410	5986
DB04607	5987
DB05150	5988
DB00913	5989
DB08463	5990
DB01041	5991
DB07041	5992
DB03509	5993
DB03414	5994
DB08409	5995
DB02407	5996
DB03110	5997
DB12450	5998
DB07088	5999
DB08186	6000
DB06741	6001
DB13036	6002
DB03951	6003
DB03316	6004
DB03437	6005
DB08743	6006
DB02581	6007
DB03392	6008
DB03575	6009
DB03976	6010
DB07848	6011
DB09301	6012
DB01463	6013
DB00385	6014
DB03981	6015
DB06706	6016
DB07077	6017
DB08846	6018
DB05034	6019
DB03161	6020
DB09066	6021
DB09329	6022
DB00910	6023
DB01392	6024
DB03903	6025
DB07823	6026
DB01288	6027
DB00559	6028
DB07907	6029
DB08124	6030
DB00436	6031
DB05506	6032
DB03305	6033
DB00447	6034
DB04846	6035
DB09152	6036
DB01613	6037
DB04523	6038
DB08660	6039
DB07580	6040
DB14509	6041
DB03867	6042
DB05792	6043
DB02005	6044
DB00903	6045
DB11477	6046
DB01393	6047
DB04991	6048
DB03084	6049
DB04517	6050
DB05137	6051
DB03890	6052
DB04097	6053
DB14540	6054
DB07853	6055
DB05192	6056
DB07189	6057
DB06708	6058
DB04215	6059
DB03565	6060
DB07844	6061
DB07268	6062
DB12340	6063
DB02283	6064
DB04471	6065
DB08808	6066
DB03952	6067
DB01148	6068
DB01087	6069
DB07731	6070
DB09369	6071
DB07138	6072
DB15091	6073
DB05319	6074
DB01717	6075
DB01046	6076
DB03049	6077
DB05018	6078
DB07265	6079
DB02122	6080
DB07288	6081
DB04556	6082
DB07654	6083
DB11828	6084
DB08453	6085
DB06791	6086
DB06956	6087
DB03709	6088
DB02985	6089
DB03996	6090
DB06876	6091
DB06346	6092
DB03429	6093
DB04462	6094
DB04422	6095
DB03330	6096
DB07108	6097
DB07342	6098
DB04032	6099
DB01488	6100
DB08621	6101
DB02145	6102
DB00123	6103
DB07375	6104
DB00902	6105
DB05966	6106
DB02740	6107
DB01277	6108
DB01958	6109
DB06678	6110
DB08420	6111
DB08155	6112
DB03026	6113
DB07930	6114
DB00295	6115
DB08213	6116
DB05171	6117
DB06833	6118
DB04636	6119
DB05399	6120
DB07396	6121
DB02182	6122
DB01899	6123
DB00260	6124
DB09131	6125
DB01339	6126
DB08204	6127
DB09098	6128
DB08848	6129
DB01015	6130
DB00485	6131
DB00053	6132
DB07317	6133
DB05945	6134
DB08754	6135
DB06984	6136
DB11075	6137
DB04637	6138
DB06869	6139
DB09042	6140
DB01181	6141
DB05152	6142
DB01367	6143
DB03658	6144
DB08385	6145
DB02956	6146
DB02750	6147
DB06786	6148
DB02465	6149
DB06955	6150
DB07494	6151
DB04414	6152
DB04201	6153
DB04175	6154
DB00956	6155
DB03524	6156
DB11730	6157
DB00330	6158
DB00983	6159
DB09526	6160
_DB_TA	6161
DB03791	6162
DB02129	6163
DB08097	6164
DB09154	6165
DB07645	6166
DB08226	6167
DB04495	6168
DB00296	6169
DB07051	6170
DB01785	6171
DB07913	6172
DB00455	6173
DB05142	6174
DB11587	6175
DB06013	6176
DB05023	6177
DB08776	6178
DB06403	6179
DB00350	6180
DB00682	6181
DB00495	6182
DB06977	6183
DB13139	6184
DB07589	6185
DB04606	6186
DB00824	6187
DB08624	6188
DB07701	6189
DB05750	6190
DB07420	6191
DB04401	6192
DB04100	6193
DB07055	6194
DB01906	6195
DB01810	6196
DB04575	6197
DB04182	6198
DB07186	6199
DB06802	6200
DB07446	6201
DB02408	6202
DB08277	6203
DB04224	6204
DB05419	6205
DB07937	6206
DB00151	6207
DB04849	6208
DB08870	6209
DB08566	6210
DB11431	6211
DB00623	6212
DB00134	6213
DB04382	6214
DB07481	6215
DB08649	6216
DB01205	6217
DB01405	6218
DB02180	6219
DB00558	6220
DB07065	6221
DB06307	6222
DB07188	6223
DB02166	6224
DB02932	6225
DB09105	6226
DB04178	6227
DB02925	6228
DB01592	6229
DB00269	6230
DB03130	6231
DB00853	6232
DB02746	6233
DB04135	6234
DB05812	6235
DB03541	6236
DB04722	6237
DB04051	6238
DB08033	6239
DB01991	6240
DB07911	6241
DB01962	6242
DB08758	6243
DB01004	6244
DB05184	6245
DB04528	6246
DB07403	6247
DB02441	6248
DB02316	6249
DB05168	6250
DB03058	6251
DB02151	6252
DB02678	6253
DB07408	6254
DB02709	6255
DB07130	6256
DB07341	6257
DB05990	6258
DB01307	6259
DB01826	6260
DB04972	6261
DB08365	6262
DB06420	6263
DB04531	6264
DB01086	6265
DB07602	6266
DB08396	6267
DB07489	6268
DB08185	6269
DB00013	6270
DB02235	6271
DB03666	6272
DB08756	6273
DB09343	6274
DB04400	6275
DB01291	6276
DB06858	6277
DB01084	6278
DB02011	6279
DB03215	6280
DB00823	6281
DB11386	6282
DB04597	6283
DB06670	6284
DB03447	6285
DB03738	6286
DB04525	6287
DB01879	6288
DB12418	6289
DB03369	6290
DB00800	6291
DB04387	6292
DB03604	6293
DB04695	6294
DB01651	6295
DB00020	6296
DB06821	6297
DB02688	6298
DB04810	6299
DB09124	6300
DB05532	6301
DB04888	6302
DB01049	6303
DB00132	6304
DB02986	6305
DB00705	6306
DB05077	6307
DB08604	6308
DB04982	6309
DB02810	6310
DB01981	6311
DB05993	6312
DB06971	6313
DB00083	6314
DB00325	6315
DB08626	6316
DB00842	6317
DB07374	6318
DB03486	6319
DB11572	6320
DB14541	6321
DB01296	6322
DB00349	6323
DB03562	6324
DB03338	6325
DB03640	6326
DB00951	6327
DB04086	6328
DB10772	6329
DB06267	6330
DB01365	6331
DB00372	6332
DB00996	6333
DB00391	6334
DB07411	6335
DB01977	6336
DB00446	6337
DB04022	6338
DB06867	6339
DB00128	6340
DB05099	6341
DB03559	6342
DB08099	6343
DB01012	6344
DB12688	6345
DB04044	6346
DB01989	6347
DB01713	6348
DB08064	6349
DB01831	6350
DB00045	6351
DB04759	6352
DB05047	6353
DB09342	6354
DB04532	6355
DB02989	6356
DB01408	6357
DB07729	6358
DB03673	6359
DB02503	6360
DB07696	6361
DB04503	6362
DB06702	6363
DB05188	6364
DB07991	6365
DB07014	6366
DB07895	6367
DB06851	6368
DB01963	6369
DB03900	6370
DB07744	6371
DB00957	6372
DB02526	6373
DB03749	6374
DB07959	6375
DB07521	6376
DB00717	6377
DB12569	6378
DB04946	6379
DB00771	6380
DB03855	6381
DB00484	6382
DB01023	6383
DB01694	6384
DB03207	6385
DB07155	6386
DB08055	6387
DB02963	6388
DB11595	6389
DB01039	6390
DB01795	6391
DB02499	6392
DB04109	6393
DB04197	6394
DB01135	6395
DB04287	6396
DB05905	6397
DB03163	6398
DB14487	6399
DB02884	6400
DB03800	6401
DB05854	6402
DB04880	6403
DB01649	6404
DB00634	6405
DB07113	6406
DB02585	6407
DB05678	6408
DB07549	6409
DB06866	6410
DB09202	6411
DB05434	6412
DB07545	6413
DB00807	6414
DB00264	6415
DB05125	6416
DB04772	6417
DB08177	6418
DB07865	6419
DB03642	6420
DB01272	6421
DB03072	6422
DB06124	6423
DB08695	6424
DB03193	6425
DB04732	6426
DB02015	6427
DB03333	6428
DB06460	6429
DB03714	6430
DB00536	6431
DB02734	6432
DB08800	6433
DB02038	6434
DB02658	6435
DB00555	6436
DB00949	6437
DB00855	6438
DB00990	6439
DB01196	6440
DB04040	6441
DB08003	6442
DB02580	6443
DB13876	6444
DB08765	6445
DB00312	6446
DB03253	6447
DB00275	6448
DB02308	6449
DB04303	6450
DB08075	6451
DB03915	6452
DB04539	6453
DB04432	6454
DB12466	6455
DB05298	6456
DB06342	6457
DB08954	6458
DB09080	6459
DB03127	6460
DB02226	6461
DB05207	6462
DB01614	6463
DB03234	6464
DB02589	6465
DB09330	6466
DB09488	6467
DB01122	6468
DB00524	6469
DB01222	6470
DB00611	6471
DB02617	6472
DB07149	6473
DB08899	6474
DB03512	6475
DB02632	6476
DB04863	6477
DB01400	6478
DB04932	6479
DB08404	6480
DB03598	6481
DB04837	6482
DB08224	6483
DB03793	6484
DB00666	6485
DB04392	6486
DB00370	6487
DB07081	6488
DB07631	6489
DB06720	6490
DB04908	6491
DB07681	6492
DB04279	6493
DB04467	6494
DB04862	6495
DB00886	6496
DB03848	6497
DB07888	6498
DB12191	6499
DB13881	6500
DB00738	6501
DB04043	6502
DB07182	6503
DB03613	6504
DB01631	6505
DB05295	6506
DB05838	6507
DB04847	6508
DB01215	6509
DB07005	6510
DB07713	6511
DB12615	6512
DB08916	6513
DB06147	6514
DB03616	6515
DB00643	6516
DB00321	6517
DB00054	6518
DB01121	6519
DB07604	6520
DB08619	6521
DB02191	6522
DB07487	6523
DB07780	6524
DB11397	6525
DB03357	6526
DB03446	6527
DB08220	6528
DB05736	6529
DB07209	6530
DB06219	6531
DB05481	6532
DB03725	6533
DB08877	6534
DB00184	6535
DB07127	6536
DB06761	6537
DB03994	6538
DB01771	6539
DB12023	6540
DB02169	6541
DB07530	6542
DB06872	6543
DB07039	6544
DB01633	6545
DB01940	6546
DB08538	6547
DB00568	6548
DB09071	6549
DB08523	6550
DB09203	6551
DB07257	6552
DB01126	6553
DB08150	6554
_DB_ACE2-Fc	6555
DB01171	6556
DB00907	6557
DB05934	6558
DB00068	6559
DB08490	6560
DB05246	6561
DB02124	6562
DB04931	6563
DB08271	6564
DB08432	6565
DB06799	6566
DB11447	6567
DB07821	6568
DB08387	6569
DB04493	6570
DB03032	6571
DB01233	6572
DB08529	6573
DB06904	6574
DB07254	6575
DB00088	6576
DB01141	6577
DB01745	6578
DB03879	6579
DB04122	6580
DB07741	6581
DB07385	6582
DB07592	6583
DB06226	6584
DB05241	6585
DB01113	6586
DB01091	6587
DB04249	6588
DB07279	6589
DB00135	6590
DB03068	6591
DB14635	6592
DB06834	6593
DB07740	6594
DB00007	6595
DB09014	6596
DB11653	6597
DB02638	6598
DB03276	6599
DB04191	6600
DB00521	6601
DB02323	6602
DB08819	6603
DB11124	6604
DB01037	6605
DB00708	6606
DB09167	6607
DB02907	6608
DB07291	6609
DB00266	6610
DB06199	6611
DB07873	6612
DB00041	6613
DB14568	6614
DB09102	6615
DB02656	6616
DB00207	6617
DB07981	6618
DB06534	6619
DB07356	6620
DB07478	6621
DB03133	6622
DB08083	6623
DB07307	6624
DB05906	6625
DB08692	6626
DB00257	6627
DB07071	6628
DB03568	6629
DB04130	6630
DB02697	6631
DB07020	6632
DB15494	6633
DB08663	6634
DB12808	6635
DB03355	6636
DB00758	6637
DB00426	6638
DB01700	6639
DB02549	6640
DB03701	6641
DB06819	6642
DB00416	6643
DB07854	6644
DB00005	6645
DB03516	6646
DB00365	6647
DB08658	6648
DB01806	6649
DB00344	6650
DB01264	6651
DB01266	6652
DB00863	6653
DB08371	6654
DB01407	6655
DB06153	6656
DB00437	6657
DB01114	6658
DB03970	6659
DB00171	6660
DB05941	6661
DB03780	6662
DB04629	6663
DB06979	6664
DB14499	6665
DB05202	6666
DB02611	6667
DB02735	6668
DB06893	6669
DB02140	6670
DB00130	6671
DB03532	6672
DB02018	6673
DB02232	6674
DB03587	6675
DB07140	6676
DB00212	6677
DB09060	6678
DB08633	6679
DB08960	6680
DB06849	6681
DB03175	6682
DB04673	6683
DB08182	6684
DB02850	6685
DB02889	6686
DB07325	6687
DB11994	6688
DB14058	6689
DB01704	6690
DB01612	6691
DB08065	6692
DB01579	6693
DB05668	6694
DB08342	6695
DB15463	6696
DB04545	6697
DB14039	6698
DB09468	6699
DB01712	6700
DB02793	6701
DB01238	6702
DB07800	6703
DB09322	6704
DB00066	6705
DB04455	6706
DB02041	6707
DB04452	6708
DB00598	6709
DB13520	6710
DB02714	6711
DB09201	6712
DB06134	6713
DB14581	6714
DB03899	6715
DB04278	6716
DB08734	6717
DB04101	6718
DB08315	6719
DB04799	6720
DB07700	6721
DB02449	6722
DB11691	6723
DB03124	6724
DB07497	6725
DB01274	6726
DB02345	6727
DB06521	6728
DB12163	6729
DB04599	6730
DB03510	6731
DB00535	6732
DB08781	6733
DB00739	6734
DB07877	6735
DB00376	6736
DB01020	6737
DB06724	6738
DB00016	6739
DB04869	6740
DB02888	6741
DB02834	6742
DB04107	6743
DB06064	6744
DB07025	6745
DB07737	6746
DB01359	6747
DB01923	6748
DB00235	6749
DB09194	6750
DB01279	6751
DB09552	6752
DB02288	6753
DB04850	6754
DB03552	6755
DB08785	6756
DB08544	6757
DB04886	6758
DB07321	6759
DB02256	6760
DB08533	6761
DB08060	6762
DB04719	6763
DB07749	6764
DB06116	6765
DB01875	6766
DB06882	6767
DB00209	6768
DB08137	6769
DB04828	6770
DB09120	6771
DB03255	6772
DB00414	6773
DB04285	6774
DB09282	6775
DB12364	6776
DB00811	6777
DB04113	6778
DB02820	6779
DB05258	6780
DB08165	6781
DB00764	6782
DB06448	6783
DB03020	6784
DB14006	6785
DB01836	6786
DB09407	6787
DB04559	6788
DB06998	6789
DB07750	6790
DB00367	6791
DB05003	6792
DB08040	6793
DB00509	6794
DB07563	6795
DB02999	6796
DB07196	6797
DB07529	6798
DB02189	6799
DB04951	6800
DB00820	6801
DB05882	6802
DB01184	6803
DB07829	6804
DB07378	6805
DB12267	6806
DB01018	6807
DB03307	6808
DB02568	6809
DB08641	6810
DB02516	6811
DB08485	6812
DB08170	6813
DB05035	6814
DB05361	6815
DB01253	6816
DB09353	6817
DB07509	6818
DB00358	6819
DB03155	6820
DB02471	6821
DB00636	6822
DB13746	6823
DB14508	6824
DB11221	6825
DB04327	6826
DB07791	6827
DB01180	6828
DB00056	6829
DB07852	6830
DB13729	6831
DB00838	6832
DB07630	6833
DB05012	6834
DB02359	6835
DB09265	6836
DB01195	6837
DB07092	6838
DB00008	6839
DB00471	6840
DB01006	6841
DB01885	6842
DB08259	6843
DB03742	6844
DB01177	6845
DB03327	6846
DB00454	6847
DB02365	6848
DB05101	6849
DB08086	6850
DB03691	6851
DB08293	6852
DB04685	6853
DB07427	6854
DB08329	6855
DB09095	6856
DB08892	6857
DB03348	6858
DB06942	6859
DB01381	6860
DB02623	6861
DB02845	6862
DB00894	6863
DB01414	6864
DB04008	6865
DB00550	6866
DB04864	6867
DB02320	6868
DB08291	6869
DB00857	6870
DB02384	6871
DB02643	6872
DB06634	6873
DB00663	6874
DB08312	6875
DB01936	6876
DB08739	6877
DB01197	6878
DB00596	6879
DB03677	6880
DB09072	6881
DB01691	6882
DB00356	6883
DB02726	6884
DB07515	6885
DB00770	6886
DB03747	6887
DB07346	6888
DB02757	6889
DB01431	6890
DB05846	6891
DB04070	6892
DB07246	6893
DB01853	6894
DB07738	6895
DB07760	6896
DB03934	6897
DB01369	6898
DB03586	6899
DB00043	6900
DB03548	6901
DB07641	6902
DB11855	6903
DB04899	6904
DB04243	6905
DB04263	6906
DB04793	6907
DB08451	6908
DB06536	6909
DB04076	6910
DB03304	6911
DB06133	6912
DB02642	6913
DB02141	6914
DB07817	6915
DB04326	6916
DB08412	6917
DB07373	6918
DB02436	6919
DB03169	6920
DB14074	6921
DB03518	6922
DB09130	6923
DB06795	6924
DB06838	6925
DB04601	6926
DB00129	6927
DB06996	6928
DB02877	6929
DB07734	6930
DB02023	6931
DB00814	6932
DB02969	6933
DB08677	6934
DB05390	6935
DB04967	6936
DB02237	6937
DB03523	6938
DB00905	6939
DB07691	6940
DB01710	6941
DB02859	6942
DB00326	6943
DB04985	6944
DB03166	6945
DB05552	6946
DB06470	6947
DB03741	6948
DB07827	6949
DB04270	6950
DB07677	6951
DB06949	6952
DB07926	6953
DB13944	6954
DB08915	6955
DB02995	6956
DB14050	6957
DB00781	6958
DB04771	6959
DB06474	6960
DB08203	6961
DB03536	6962
DB02745	6963
DB06709	6964
DB03755	6965
DB02861	6966
DB08166	6967
DB00488	6968
DB09334	6969
DB00862	6970
DB02640	6971
DB06738	6972
DB11767	6973
DB03021	6974
DB08162	6975
DB09035	6976
DB07608	6977
DB07118	6978
DB08010	6979
DB01982	6980
DB09076	6981
DB02137	6982
DB06945	6983
DB06770	6984
DB01010	6985
DB12225	6986
DB03608	6987
DB04079	6988
DB02419	6989
DB09227	6990
DB06210	6991
DB03661	6992
DB00531	6993
DB11363	6994
DB08657	6995
DB05867	6996
DB06233	6997
DB04448	6998
DB01201	6999
DB05463	7000
DB08316	7001
DB07057	7002
DB01865	7003
DB01051	7004
DB06902	7005
DB08133	7006
DB06241	7007
DB02988	7008
DB04925	7009
DB09228	7010
DB12498	7011
DB07104	7012
DB01662	7013
DB08176	7014
DB06950	7015
DB00808	7016
DB04477	7017
DB01645	7018
DB07504	7019
DB08171	7020
DB04345	7021
DB13952	7022
DB02027	7023
DB02501	7024
DB06321	7025
DB08587	7026
DB04770	7027
DB01941	7028
DB11967	7029
DB05364	7030
DB08084	7031
DB00762	7032
DB00440	7033
DB08577	7034
DB00306	7035
DB12015	7036
DB00830	7037
DB02591	7038
DB00346	7039
DB01133	7040
DB00564	7041
DB02551	7042
DB08763	7043
DB03165	7044
DB01676	7045
DB00859	7046
DB06718	7047
DB07383	7048
DB00672	7049
DB01832	7050
DB06852	7051
DB09147	7052
DB11731	7053
DB08498	7054
DB02812	7055
DB11793	7056
DB02081	7057
DB07300	7058
DB05829	7059
DB04542	7060
DB00420	7061
DB00122	7062
DB11311	7063
DB08573	7064
DB00526	7065
DB01226	7066
DB09141	7067
DB08640	7068
DB00402	7069
DB08828	7070
DB05992	7071
DB03868	7072
DB07683	7073
DB02819	7074
DB02197	7075
DB04929	7076
DB08136	7077
DB00141	7078
DB09038	7079
DB04809	7080
DB06993	7081
DB07943	7082
DB07593	7083
DB07087	7084
DB07956	7085
DB03070	7086
DB03046	7087
DB12323	7088
DB03799	7089
DB12698	7090
DB03329	7091
DB01819	7092
DB07812	7093
DB00278	7094
DB08441	7095
DB04529	7096
DB03650	7097
DB04727	7098
DB04924	7099
DB00827	7100
DB02414	7101
DB07278	7102
DB04807	7103
DB02172	7104
DB01150	7105
DB08775	7106
DB02832	7107
DB03059	7108
DB07160	7109
DB11639	7110
DB07315	7111
DB01564	7112
DB02175	7113
DB02218	7114
DB04856	7115
DB06586	7116
DB00604	7117
DB04883	7118
DB07712	7119
DB07101	7120
DB00090	7121
DB00532	7122
DB02738	7123
DB13915	7124
DB02254	7125
DB00530	7126
DB02262	7127
DB07474	7128
DB02497	7129
DB06933	7130
DB01951	7131
DB07976	7132
DB00442	7133
DB00464	7134
DB14132	7135
DB04854	7136
DB03264	7137
DB02060	7138
DB03734	7139
DB05381	7140
DB04233	7141
DB07015	7142
DB03037	7143
DB09571	7144
DB02338	7145
DB00909	7146
DB13999	7147
DB06548	7148
DB03821	7149
DB07103	7150
DB05234	7151
DB07107	7152
DB07133	7153
DB00946	7154
DB05464	7155
DB01137	7156
DB07433	7157
DB07467	7158
DB07625	7159
DB02954	7160
DB07705	7161
DB02405	7162
DB02083	7163
DB02894	7164
DB04515	7165
DB02277	7166
DB07076	7167
DB00205	7168
DB02053	7169
DB08359	7170
DB00557	7171
DB01239	7172
DB04841	7173
DB08021	7174
DB01065	7175
DB06982	7176
DB09336	7177
DB13908	7178
DB05220	7179
DB12107	7180
DB00390	7181
DB08773	7182
DB06626	7183
DB08480	7184
DB04885	7185
DB00581	7186
DB03860	7187
DB08091	7188
DB14001	7189
DB02700	7190
DB13149	7191
DB09036	7192
DB06928	7193
DB00333	7194
DB01328	7195
DB07819	7196
DB04456	7197
DB06934	7198
DB01961	7199
DB04418	7200
DB08289	7201
DB02125	7202
DB01644	7203
DB01429	7204
DB07561	7205
DB01235	7206
DB00819	7207
DB08063	7208
DB03719	7209
DB00215	7210
DB07075	7211
DB01218	7212
DB07029	7213
DB11254	7214
DB04072	7215
DB00176	7216
DB12836	7217
DB02795	7218
DB00165	7219
DB03744	7220
DB02904	7221
DB07840	7222
DB07218	7223
DB03624	7224
DB07878	7225
DB05895	7226
DB01237	7227
DB07179	7228
DB00929	7229
DB01705	7230
DB07171	7231
DB03436	7232
DB06471	7233
DB01701	7234
DB08666	7235
DB03812	7236
DB13868	7237
DB04476	7238
DB07893	7239
DB08074	7240
DB07250	7241
DB07932	7242
DB07619	7243
DB02158	7244
DB11323	7245
DB04918	7246
DB01388	7247
DB02236	7248
DB12831	7249
DB01577	7250
DB01624	7251
DB08324	7252
DB00517	7253
DB06855	7254
DB07422	7255
DB03225	7256
DB05225	7257
DB04180	7258
DB07392	7259
DB00216	7260
DB01301	7261
DB02917	7262
DB03091	7263
DB06205	7264
DB00474	7265
DB04494	7266
DB01129	7267
DB11577	7268
DB03864	7269
DB04735	7270
DB07511	7271
DB08964	7272
DB11348	7273
DB02655	7274
DB08126	7275
DB03082	7276
DB06920	7277
DB00967	7278
DB11948	7279
DB00537	7280
DB04572	7281
DB00761	7282
DB07227	7283
DB00243	7284
DB08458	7285
DB02557	7286
DB07910	7287
DB00933	7288
DB03824	7289
DB08806	7290
DB07527	7291
DB05758	7292
DB08645	7293
DB03030	7294
DB06322	7295
DB04187	7296
DB06883	7297
DB06931	7298
DB05482	7299
DB08478	7300
DB00953	7301
_DB_interferons	7302
DB08527	7303
DB03443	7304
DB09129	7305
DB04540	7306
DB00462	7307
DB11077	7308
DB08195	7309
DB01851	7310
DB04294	7311
DB01985	7312
DB00258	7313
DB03949	7314
DB03413	7315
DB08174	7316
DB03480	7317
DB00943	7318
DB05413	7319
DB06475	7320
DB05372	7321
DB04221	7322
DB00131	7323
DB03696	7324
DB07328	7325
DB05675	7326
DB01336	7327
DB11193	7328
DB00394	7329
DB03761	7330
DB03816	7331
DB05169	7332
DB07538	7333
DB03551	7334
DB04297	7335
DB14063	7336
DB07024	7337
DB03146	7338
DB08524	7339
DB00298	7340
DB09057	7341
DB03639	7342
DB00997	7343
DB01342	7344
DB08370	7345
DB04764	7346
DB00201	7347
DB00039	7348
DB07441	7349
DB08317	7350
DB04768	7351
DB01483	7352
DB01588	7353
DB02116	7354
DB04656	7355
DB13155	7356
DB04623	7357
DB00890	7358
DB03361	7359
DB05092	7360
DB06082	7361
DB08323	7362
DB01198	7363
DB02940	7364
